project_id,ScenarioID,Region,implementation_period,avg_annual_land_building,land_building_year50,n_years_land_building_positive,BaseID,ProjectName,TypeCode,display_id,HSI_SPSTA,HSI_OYSTE,cost_total_min,cost_total_max,freshmarsh_benefit,project_freshmarsh_area_m2,fwoa_freshmarsh_area_m2,n_freshmarsh_years
1080000,8,Terrebonne,1,90700205.76923077,14149232100.0,140,1080000,Atchafalaya River Diversion,DI,108,-0.011029133951760889,-0.008383053622042487,794345543.0258552,794345543.0258552,,,,
2860000,8,Terrebonne,1,14747573.076923076,766873800.0,44,2860000,North Lake Mechant Marsh Creation,MC,286a,0.00119861401617527,0.0,1143621311.2027736,1143621311.2027736,,35087400.0,,1
1390100,7,Barataria,1,-5176973.076923077,-269202600.0,4,1390100,Increase Atchafalaya Flow to Terrebonne - Alternate Regime,DI,139b,,,593427172.9313804,593427172.9313804,,,,
3330000,7,Barataria,1,1011894.2307692308,52618500.0,42,3330000,Three Ridge Restoration,RR,333,-0.022995304602843065,-0.017725417315959932,49134539.342137374,49134539.342137374,,,,
3110000,7,Pontchartrain,1,-27519282.692307692,-1431002700.0,8,3110000,Black and Eloi Bay Ridge and Marsh Creation,IP,311,-0.0034220218658447266,0.0259168157844167,767187214.6953349,767187214.6953349,,6624900.0,,1
60000,8,Pontchartrain,1,-28477073.076923076,-1480807800.0,7,60000,Lower Breton Diversion,DI,006,0.0018322084631238664,-0.0011027705456529344,511541648.86778766,511541648.86778766,,,,
900100,7,Barataria,1,8206857.692307692,426756600.0,40,900100,Large-Scale Barataria Marsh Creation,MC,090b,-0.02745418321518671,0.014236644963207453,949830167.4796675,949830167.4796675,,48123000.0,,1
3280000,8,Barataria,1,33666646.15384615,1750665600.0,39,3280000,Bayou Barataria Ridge and Marsh Creation,IP,328,-0.03498057933414683,-0.004725787788629532,1200230974.6380131,1200230974.6380131,,46005300.0,,1
2860100,8,Terrebonne,2,101018756.25,3232600200.0,32,2860100,North Lake Mechant Marsh Creation,MC,286b,,,625815120.0599389,625815120.0599389,,16077600.0,,1
3450000,8,Terrebonne,1,1695773.076923077,88180200.0,39,3450000,Avoca Island Marsh Creation,MC,345,0.0027797696395562245,0.0,166322793.47238177,166322793.47238177,,3149100.0,,1
1290000,7,Terrebonne,2,59364190.90909091,1959018300.0,32,1290000,Small Bayou LaPointe Ridge Restoration,RR,129,,,,,,,,
3520000,7,Chenier Plain,1,-36645421.15384615,-1905561900.0,0,3520000,Wildhorse Marsh Creation,MC,352,-0.002183765172958374,-0.005780514043111067,76484525.67918965,76484525.67918965,,13781700.0,,1
3230000,8,Terrebonne,1,-2400005.769230769,-124800300.0,13,3230000,Edgard Diversion,DI,323,-0.0003803037106990814,0.012053614109754562,783656345.1616608,783656345.1616608,,,,
3050000,8,Barataria,1,8495584.615384616,441770400.0,22,3050000,Western Maurepas Sediment Diversion,DI,305,-0.027953802393032953,0.020526144167651302,1516071056.0792246,1516071056.0792246,,,,
3480000,8,Chenier Plain,2,-57411787.5,-1837177200.0,7,3480000,Calcasieu/Sabine Basin Hydrologic Restoration,HR,348,,,,,,,,
2430000,8,Terrebonne,1,-3821244.230769231,-198704700.0,18,2430000,Ama Sediment Diversion,DI,243,-0.012708149173042992,0.05043588365827288,1324140723.1901565,1324140723.1901565,,,,
3620000,7,Terrebonne,1,142789673.07692307,7425063000.0,48,3620000,Atchafalaya Diversions,DI,362,-0.013235610264998216,-0.004985498550992746,794345543.0258551,794345543.0258551,,,,
3430000,7,Central Coast,1,-5290303.846153846,-275095800.0,12,3430000,Southwest Pass Tidal Prism Control and Acadiana Bay Hydrologic Restoration,IP,343,0.007404256950725208,0.00013375081695043124,1014989617.045904,1014989617.045904,,7100100.0,,1
3250100,7,Barataria,1,14176921.153846154,737199900.0,36,3250100,Lower Barataria Landbridge - West,LB,325b,-0.015944307265074356,-0.004005600782957944,488175749.8646581,488175749.8646581,,14437800.0,,1
2930200,7,Chenier Plain,1,11964054.807692308,2488523400.0,138,2930200,Freshwater Bayou North Marsh Creation,MC,293c,-0.0020212188452303765,0.011783722589707233,159840766.4504673,159840766.4504673,,40654800.0,,1
2930000,8,Chenier Plain,1,-56810751.92307692,-2954159100.0,0,2930000,Freshwater Bayou North Marsh Creation,MC,293a,-0.0020643845200538635,0.005884382128715515,524124932.08022785,524124932.08022785,,40523400.0,,1
3230000,7,Pontchartrain,1,13818426.923076924,718558200.0,52,3230000,Edgard Diversion,DI,323,-0.02045978063886816,0.0038655583675091085,783656345.1616607,783656345.1616607,,,,
3340000,8,Barataria,1,73491910.09615384,15286317300.0,191,3340000,Bayou L’Ours Ridge Restoration,RR,334,-0.0007033289849073037,-0.00013292152122412314,7788929.8474137895,7788929.8474137895,,,,
2310000,7,Central Coast,2,28731054.545454547,948124800.0,32,2310000,Cheniere au Tigre Ridge Restoration,RR,231,,,,,,,,
3160000,8,Pontchartrain,2,4320311.029411765,587562300.0,116,3160000,Chandeleur Sound Island Restoration,MC,316,-0.05165114654944493,0.023664525638406094,73962791.32009774,73962791.32009774,,1961100.0,,1
3220000,8,Barataria,1,16898676.923076924,878731200.0,26,3220000,Freshwater Delivery to Western Barataria,DI,322,-0.024752546759212717,-0.014035463333129883,,,,,,
3000100,8,Chenier Plain,2,10987358.823529411,1494280800.0,100,3000100,West Sabine Refuge Marsh Creation,MC,300b,-0.0015318313470253577,-0.0004948658438829276,847128008.6496115,847128008.6496115,,31203000.0,,1
3110000,8,Pontchartrain,2,-31601137.5,-1011236400.0,13,3110000,Black and Eloi Bay Ridge and Marsh Creation,IP,311,,,,,,6624900.0,,1
3050000,7,Pontchartrain,1,-48522911.538461536,-2523191400.0,3,3050000,Western Maurepas Sediment Diversion,DI,305,-0.015702911615371705,-0.003775811825807278,1516071056.0792246,1516071056.0792246,,,,
3260200,7,Barataria,2,37351827.27272727,1232610300.0,32,3260200,Mid-Barataria Landbridge - East,LB,326c,,,,,,26043300.0,,1
3250000,8,Barataria,1,50966100.0,2650237200.0,42,3250000,Lower Barataria Landbridge,LB,325a,-0.027003401517868043,0.0022852985809246698,1712857075.7722015,1712857075.7722015,,42304500.0,,1
2850000,8,Terrebonne,2,92122087.5,2947906800.0,32,2850000,South Terrebonne Marsh Creation,MC,285,,,,,,47139300.0,,1
3160000,7,Pontchartrain,1,12092313.461538462,628800300.0,52,3160000,Chandeleur Sound Island Restoration,MC,316,-0.023554048117469337,0.19102782756090164,,,,2198700.0,,1
1080000,7,Barataria,1,51161.53846153846,7981200.0,83,1080000,Atchafalaya River Diversion,DI,108,-0.0025667758812581687,0.00046991020804498253,794345543.0258552,794345543.0258552,,,,
3500000,8,Chenier Plain,1,-32616432.692307692,-1696054500.0,0,3500000,Cameron-Creole Hydrologic Restoration Improvements,HR,350,0.0003566510147518582,-0.0010492503643035889,10627182.59842901,10627182.59842901,,19395000.0,,1
3120000,7,Pontchartrain,2,-12260645.454545455,-404601300.0,0,3120000,Manchac Wetland Restoration and Maurepas Landbridge,IP,312,,,,,,96302700.0,,1
2450000,8,Barataria,1,3293567.3076923075,171265500.0,52,2450000,LaBranche Hydrologic Restoration,HR,245,-0.0057481503486633305,0.0028243644369973075,122456533.32283677,122456533.32283677,,27411300.0,,1
3350100,7,Terrebonne,2,113079000.0,3731607000.0,32,3350100,Eastern Terrebonne Landbridge - West,LB,335b,,,,,,9971100.0,,1
2430000,7,Pontchartrain,1,-26213780.769230768,-1363116600.0,10,2430000,Ama Sediment Diversion,DI,243,-0.00717240571975708,0.021155369157592457,1324140723.1901567,1324140723.1901567,,,,
60000,7,Pontchartrain,2,-89496627.27272727,-2953388700.0,0,60000,Lower Breton Diversion,DI,006,,,,,,,,
3350300,8,Terrebonne,1,82923949.03846154,17248181400.0,178,3350300,Eastern Terrebonne Landbridge - East,LB,335d,-0.008777418988091605,-0.011128490605549506,482852024.0887858,482852024.0887858,,14803200.0,,1
2940000,8,Chenier Plain,2,52183265.625,1669864500.0,32,2940000,Freshwater Bayou South Marsh Creation,MC,294,,,,,,27879300.0,,1
1280000,7,Terrebonne,1,-3250419.230769231,-169021800.0,0,1280000,Bayou Dularge Ridge Restoration,RR,128,0.0002001202241940932,0.0,8069802.024533557,8069802.024533557,,,,
3480000,8,Chenier Plain,1,-25680444.230769232,-1335383100.0,9,3480000,Calcasieu/Sabine Basin Hydrologic Restoration,HR,348,0.00006640329957008362,-0.0015470216671625773,68755106.70696343,68755106.70696343,,,,
3240000,7,Terrebonne,1,-1374888.4615384615,-71494200.0,0,3240000,Upper Barataria Hydrologic Restoration,HR,324,0.0007419504902579567,0.005647351344426473,89907369.96580917,89907369.96580917,,,,
540000,7,Pontchartrain,1,-28524946.153846152,-1483297200.0,10,540000,Bayou LaLoutre Ridge Restoration,RR,054,-0.012013360857963562,0.03438049058119456,,,,,,
890100,8,Barataria,1,43050548.07692308,2238628500.0,38,890100,Lower Barataria Marsh Creation,MC,089b,-0.04814298137238151,-0.025949653804950092,2206898966.4348164,2206898966.4348164,,77499900.0,,1
2430000,7,Barataria,1,-37314242.307692304,-1940340600.0,2,2430000,Ama Sediment Diversion,DI,243,-0.012047693133354187,0.0014321263879537582,1324140723.1901567,1324140723.1901567,,,,
2450000,8,Barataria,2,82793221.875,2649383100.0,26,2450000,LaBranche Hydrologic Restoration,HR,245,,,,,,27411300.0,,1
3160000,8,Pontchartrain,1,1705621.1538461538,88692300.0,47,3160000,Chandeleur Sound Island Restoration,MC,316,-0.02153299152851105,0.17572836835797018,,,,2154600.0,,1
3360000,7,Terrebonne,1,1321753.8461538462,68731200.0,41,3360000,Greater Terrebonne Bay Rim Ridge Restoration with Marsh Creation,IP,336,0.002862446687438271,0.0071363333198759295,491376875.7531229,491376875.7531229,,2751300.0,,1
3300000,7,Barataria,1,73531397.59615384,15294530700.0,196,3300000,East Bayou Lafourche Marsh Creation,MC,330,-0.0011869638823391346,0.0034996451901607825,1578160537.6277769,1578160537.6277769,,87588000.0,,1
2950000,8,Chenier Plain,2,44679121.875,1429731900.0,32,2950000,White Lake Marsh Creation,MC,295,,,,,,42615000.0,,1
350000,8,Pontchartrain,2,60403326.92307692,6281946000.0,96,350000,Hopedale Marsh Creation,MC,035,0.0006932408477251346,0.0,203072255.18783385,203072255.18783385,,7258500.0,,1
370000,8,Pontchartrain,1,26498596.153846152,1377927000.0,52,370000,New Orleans East Marsh Creation,MC,037a,-0.05698473585976495,-0.1064542831480503,,,,157175100.0,,1
2580000,8,Pontchartrain,2,-20530687.5,-656982000.0,8,2580000,Carlisle Ridge Restoration,RR,258,,,,,,,,
2520000,7,Pontchartrain,1,6449313.461538462,335364300.0,50,2520000,St. Tammany Marsh Creation,MC,252,-0.06627667924532524,-0.07819314272357868,321125866.8928549,321125866.8928549,,34757100.0,,1
3070200,7,Pontchartrain,1,-28988255.769230768,-1507389300.0,10,3070200,South Breton Landbridge Marsh Creation - Central,LB,307c,-0.0030523668974637985,0.04296189533280475,312931947.2411562,312931947.2411562,,9967500.0,,1
3260100,7,Barataria,2,90145596.35036497,12349946700.0,128,3260100,Mid-Barataria Landbridge - West,LB,326b,-0.00552864888539681,-0.0021697022020816803,630887917.418596,630887917.418596,,15476400.0,,1
2540000,8,Pontchartrain,2,-1226559.375,-39249900.0,10,2540000,Guste Island Marsh Creation,MC,254,,,,,,2617200.0,,1
3530000,7,Chenier Plain,2,-127148400.0,-4195897200.0,0,3530000,Chenier Ridges Restoration,RR,353,,,,,,,,
2880000,7,Chenier Plain,2,614209.0909090909,20268900.0,25,2880000,Vermilion Bay Marsh Creation,MC,288,,,,,,,,
3000000,7,Chenier Plain,1,-24162923.076923076,-1256472000.0,0,3000000,West Sabine Refuge Marsh Creation,MC,300a,0.0007795261012183295,-0.007248323410749435,828378932.3843513,828378932.3843513,,41810400.0,,1
2310000,7,Central Coast,1,17982562.5,1870186500.0,91,2310000,Cheniere au Tigre Ridge Restoration,RR,231,0.005058993755931586,0.00007614066057345447,34015647.507303074,34015647.507303074,,,,
3070100,7,Pontchartrain,1,-27242342.307692308,-1416601800.0,10,3070100,South Breton Landbridge Marsh Creation - West,LB,307b,-0.002509586120906629,0.030983467093285394,335413478.5150615,335413478.5150615,,16361100.0,,1
3530000,7,Chenier Plain,1,-70793826.92307693,-3681279000.0,0,3530000,Chenier Ridges Restoration,RR,353,-0.0019279453489515516,0.0005972499356550328,452861035.56023365,452861035.56023365,,,,
380100,7,Pontchartrain,2,-42850936.36363637,-1414080900.0,0,380100,Breton Marsh Creation,MC,038b,,,,,,45352800.0,,1
2850000,7,Terrebonne,2,69537709.0909091,2294744400.0,32,2850000,South Terrebonne Marsh Creation,MC,285,,,,,,53995500.0,,1
3440100,8,Central Coast,1,46603964.42307692,9693624600.0,193,3440100,Central Coast Marsh Creation - Point Au Fer,MC,344b,-0.007705859631799453,0.0603008003389768,404696912.9169726,404696912.9169726,,32842800.0,,1
3470000,8,Chenier Plain,1,22559512.5,4692378600.0,135,3470000,Mermentau Basin Hydrologic Restoration,HR,347,-0.0005598597312241458,0.0011098452365200823,163361672.73643863,163361672.73643863,,,,
3390000,8,Terrebonne,1,50757338.942307696,10557526500.0,173,3390000,West Terrebonne Marsh Creation,MC,339,-0.0003822451488598765,0.0,2178135216.1536775,2178135216.1536775,,82903500.0,,1
3360000,8,Terrebonne,1,172194.23076923078,8954100.0,28,3360000,Greater Terrebonne Bay Rim Ridge Restoration with Marsh Creation,IP,336,0.0014125899626658512,0.012667041558485765,493720635.3476808,493720635.3476808,,2751300.0,,1
2490000,8,Pontchartrain,1,14950172.596153846,3109635900.0,193,2490000,Fritchie North Marsh Creation,MC,249,-0.027314612391399363,-0.07131998834317316,162180654.04718193,162180654.04718193,,13606200.0,,1
2440000,8,Barataria,1,14963451.923076924,778099500.0,23,2440000,Union Freshwater Diversion,DI,244,-0.03719535011511583,-0.00478884785507734,1516071056.0792246,1516071056.0792246,,,,
3090000,8,Pontchartrain,1,11319161.538461538,588596400.0,52,3090000,Western Biloxi Marsh Complex,IP,309,-0.03499983996152878,-0.07932161539793015,690701581.8351352,690701581.8351352,,34437600.0,,1
2880000,7,Central Coast,2,30944700.0,1021175100.0,32,2880000,Vermilion Bay Marsh Creation,MC,288,,,,,,19689300.0,,1
1300000,7,Terrebonne,1,20051610.576923076,4170735000.0,196,1300000,Mauvais Bois Ridge Restoration,RR,130,0.0002533553178882462,0.0,15255104.769294918,15255104.769294918,,,,
2310000,8,Central Coast,1,21183014.423076924,2203033500.0,83,2310000,Cheniere au Tigre Ridge Restoration,RR,231,0.0031846525037989896,-0.0000736990145274571,34015647.507303074,34015647.507303074,,,,
3000200,8,Chenier Plain,1,22201325.480769232,4617875700.0,159,3000200,West Sabine Refuge Marsh Creation - Central,MC,300c,-0.001263958586137847,-0.0008976066495940002,171375575.06320792,171375575.06320792,,41657400.0,,1
2540000,7,Pontchartrain,1,1904919.2307692308,99055800.0,50,2540000,Guste Island Marsh Creation,MC,254,-0.07183676213026047,-0.07812957869221766,90237621.7115728,90237621.7115728,,2781900.0,,1
1570100,7,Central Coast,2,31103127.272727273,1026403200.0,32,1570100,East Rainey Marsh Creation,MC,157b,,,412324416.8442355,412324416.8442355,,32464800.0,,1
2240000,7,Chenier Plain,1,-4161738.4615384615,-216410400.0,38,2240000,East Calcasieu Lake Marsh Creation,MC,224a,0.0011667246403901474,0.0001665827902880582,1075687400.644689,1075687400.644689,,65505600.0,,1
1570000,7,Central Coast,1,7657251.923076923,398177100.0,52,1570000,East Rainey Marsh Creation,MC,157a,0.007685787677764892,0.00010252469464352256,624859320.1720109,624859320.1720109,,78387300.0,,1
1280000,7,Terrebonne,2,60044454.54545455,1981467000.0,32,1280000,Bayou Dularge Ridge Restoration,RR,128,,,,,,,,
3240000,8,Terrebonne,2,48811162.5,1561957200.0,26,3240000,Upper Barataria Hydrologic Restoration,HR,324,,,,,,,,
1270000,7,Terrebonne,1,61192289.42307692,12727996200.0,176,1270000,Bayou Decade Ridge Restoration,RR,127,0.0001743824538812472,0.0,9742035.065746263,9742035.065746263,,,,
2700000,7,Barataria,2,-2152854.5454545454,-71044200.0,5,2700000,Bayou Eau Noire Ridge Restoration,RR,270,,,,,,,,
900100,7,Barataria,2,-13489909.090909092,-445167000.0,9,900100,Large-Scale Barataria Marsh Creation,MC,090b,,,,,,59080500.0,,1
2290000,8,Chenier Plain,2,-21736912.5,-695581200.0,3,2290000,Kelso Bayou Marsh Creation,MC,229,,,,,,1227600.0,,1
3070100,8,Pontchartrain,2,-36632193.75,-1172230200.0,8,3070100,South Breton Landbridge Marsh Creation - West,LB,307b,,,,,,49980600.0,,1
2320000,8,Chenier Plain,1,-10121287.5,-1052613900.0,45,2320000,Pecan Island Ridge Restoration,RR,232,-0.0007349303790501186,0.0006696668110395733,26443146.20289788,26443146.20289788,,,,
3230000,8,Barataria,1,19629103.846153848,1020713400.0,28,3230000,Edgard Diversion,DI,323,-0.02465701289474964,-0.009511010348796844,783656345.1616608,783656345.1616608,,,,
1570100,8,Central Coast,2,33446615.625,1070291700.0,29,1570100,East Rainey Marsh Creation,MC,157b,,,563334962.9989192,563334962.9989192,,32222700.0,,1
2840000,7,Terrebonne,1,3673505.769230769,191022300.0,33,2840000,Grand Bayou Hydrologic Restoration,HR,284,-0.006607214991862957,0.038726275165875755,5378643.8926870795,5378643.8926870795,,,,
3310000,8,Barataria,1,8644050.0,449490600.0,44,3310000,Southeast Golden Meadow Marsh Creation,MC,331a,-0.0014744714686745091,0.0058204798321974905,364083304.6042212,364083304.6042212,,14123700.0,,1
3150000,7,Pontchartrain,1,-25116992.307692308,-1306083600.0,0,3150000,North and East Lake Lery Marsh Creation,MC,315,0.0011047336327679018,0.0,,,,45870300.0,,2
2500000,7,Pontchartrain,1,28077204.807692308,5840058600.0,141,2500000,Oak River to Delacroix Marsh Creation,MC,250,0.00007807528707145274,0.0,229871152.8566518,229871152.8566518,,9582300.0,,1
3230000,7,Barataria,1,-2979709.6153846155,-154944900.0,14,3230000,Edgard Diversion,DI,323,-0.024407375942577015,-0.0015076410311918992,783656345.1616607,783656345.1616607,,,,
3070300,8,Pontchartrain,1,-36261623.07692308,-1885604400.0,0,3070300,South Breton Landbridge Marsh Creation - East,LB,307d,-0.002207636833190918,0.029551496729254723,666240981.0486965,666240981.0486965,,17425800.0,,1
2440000,7,Pontchartrain,1,-27106390.384615384,-1409532300.0,10,2440000,Union Freshwater Diversion,DI,244,-0.015632695303513452,-0.003533072483081084,1516071056.0792246,1516071056.0792246,,,,
3070000,7,Pontchartrain,2,-130409181.81818181,-4303503000.0,0,3070000,South Breton Landbridge Marsh Creation,LB,307a,,,,,,43754400.0,,1
1570200,7,Central Coast,1,28266382.21153846,5879407500.0,190,1570200,East Rainey Marsh Creation,MC,157c,0.004349008120225938,0.00006317764520645141,387199275.6595068,387199275.6595068,,78387300.0,,1
1290000,7,Terrebonne,1,-3905878.846153846,-203105700.0,0,1290000,Small Bayou LaPointe Ridge Restoration,RR,129,0.00015988827429034492,0.0,17799672.160962027,17799672.160962027,,,,
3100000,7,Pontchartrain,1,20333803.846153848,1057357800.0,52,3100000,Three Mile Pass Marsh Creation and Hydrologic Restoration,IP,310,-0.02855753548005048,0.08411664633374465,,,,45870300.0,,2
130100,7,Barataria,1,-7262411.538461538,-377645400.0,12,130100,Upper Breton Diversion,DI,013b,-0.027677600383758546,0.005708554928952997,1604989123.0088856,1604989123.0088856,,,,
390000,7,Pontchartrain,1,3657219.230769231,190175400.0,52,390000,Lake Borgne Marsh Creation,MC,039,-0.035203794638315834,-0.12785674710022776,223692744.66840982,223692744.66840982,,25480800.0,,1
350000,7,Pontchartrain,2,26264207.299270075,3598196400.0,94,350000,Hopedale Marsh Creation,MC,035,0.00011276937304781034,0.0,165198576.91166875,165198576.91166875,,7380000.0,,1
1390100,8,Barataria,1,13574786.538461538,705888900.0,35,1390100,Increase Atchafalaya Flow to Terrebonne - Alternate Regime,DI,139b,,,593427172.9313805,593427172.9313805,,,,
3080000,8,Pontchartrain,2,-2857331.25,-91434600.0,8,3080000,Lake Pontchartrain Marsh Protection Shoreline Protection,IP,308,,,,,,1986300.0,,1
2490000,7,Pontchartrain,1,13383121.153846154,2783689200.0,196,2490000,Fritchie North Marsh Creation,MC,249,-0.023704123532700683,-0.053000671553543245,187391030.51083106,187391030.51083106,,17317800.0,,1
1230000,7,Terrebonne,1,46713024.51923077,9716309100.0,171,1230000,Belle Pass-Golden Meadow Marsh Creation,MC,123,-0.015288728504226757,0.0008819885193728483,1153304650.5070076,1153304650.5070076,,78788700.0,,1
2160000,7,Chenier Plain,1,-18756692.307692308,-975348000.0,0,2160000,Southeast Calcasieu Lake Marsh Creation,MC,216,0.0008101734248074619,0.00021844357252120972,,,,36864900.0,,1
2880000,8,Central Coast,1,3587573.076923077,186553800.0,47,2880000,Vermilion Bay Marsh Creation,MC,288,0.00600510835647583,0.00005028173327445984,255970475.02530357,255970475.02530357,,20363400.0,,1
3330000,8,Barataria,1,1221975.0,63542700.0,48,3330000,Three Ridge Restoration,RR,333,-0.021425786343487827,-0.01616599500179291,49134539.342137374,49134539.342137374,,,,
2470000,8,Pontchartrain,1,32473691.826923076,6754527900.0,144,2470000,Uhlan Bay Marsh Creation,MC,247,0.0006623017821419105,0.0,55784162.1409366,55784162.1409366,,2820600.0,,1
1130000,7,Terrebonne,1,61355790.865384616,12762004500.0,181,1130000,Central Terrebonne Hydrologic Restoration,HR,113,0.0002203690616980843,0.0,18587022.59477373,18587022.59477373,,,,
3270000,7,Barataria,1,4875801.923076923,253541700.0,31,3270000,Lower Plaquemines River Sediment Plan,IP,327,-0.04311766246190438,-0.0012661762097302604,4240345277.6298666,4240345277.6298666,,115322400.0,,1
3360000,7,Terrebonne,2,50191690.90909091,1656325800.0,32,3360000,Greater Terrebonne Bay Rim Ridge Restoration with Marsh Creation,IP,336,,,,,,2751300.0,,1
3070000,7,Pontchartrain,1,-25870430.769230768,-1345262400.0,8,3070000,South Breton Landbridge Marsh Creation,LB,307a,-0.005637829276648435,0.021957712925293228,1196093928.1987994,1196093928.1987994,,43754400.0,,1
3110000,7,Pontchartrain,2,-102204190.9090909,-3372738300.0,0,3110000,Black and Eloi Bay Ridge and Marsh Creation,IP,311,,,,,,6624900.0,,1
2560000,8,Pontchartrain,2,-20930090.625,-669762900.0,8,2560000,Bayou Terre aux Boeufs Ridge Restoration,RR,256,,,,,,,,
2880000,7,Central Coast,1,2152298.076923077,111919500.0,51,2880000,Vermilion Bay Marsh Creation,MC,288,0.007476601335737441,0.0001584109663963318,217266215.40555912,217266215.40555912,,20387700.0,,1
1280000,8,Terrebonne,2,74007871.875,2368251900.0,32,1280000,Bayou Dularge Ridge Restoration,RR,128,,,,,,,,
450000,7,Pontchartrain,1,5226438.461538462,271774800.0,52,450000,Golden Triangle Marsh Creation,MC,045,-0.035552489757537845,-0.1332875010759934,237773949.9944797,237773949.9944797,,16628400.0,,1
2930000,7,Chenier Plain,1,-5417878.846153846,-281729700.0,0,2930000,Freshwater Bayou North Marsh Creation,MC,293a,-0.0022977698932994495,0.017237406510573167,374491127.6099335,374491127.6099335,,40654800.0,,1
3260100,8,Barataria,2,122261102.20588236,16627509900.0,126,3260100,Mid-Barataria Landbridge - West,LB,326b,-0.004518433832205259,-0.0020763962887800657,713087620.7706536,713087620.7706536,,15476400.0,,1
1390000,8,Terrebonne,1,-44330123.07692308,-2305166400.0,7,1390000,Increase Atchafalaya Flow to Terrebonne,DI,139a,-0.013073891974412478,0.015969561842771676,593427172.9313804,593427172.9313804,,,,
2500000,8,Pontchartrain,1,33542550.0,6976850400.0,144,2500000,Oak River to Delacroix Marsh Creation,MC,250,0.0006570457377367549,0.0,255897619.3852928,255897619.3852928,,9576900.0,,1
2460000,8,Pontchartrain,1,4689437.019230769,975402900.0,191,2460000,Sunrise Point Marsh Creation,MC,246,0.00042254118205502976,0.0,80334341.95727919,80334341.95727919,,4295700.0,,1
3350000,8,Terrebonne,1,15287521.153846154,794951100.0,34,3350000,Eastern Terrebonne Landbridge,LB,335a,-0.0029725018474790785,0.004084997773170471,1467979095.8946698,1467979095.8946698,,41709600.0,,1
2480000,8,Pontchartrain,1,-13519471.153846154,-703012500.0,20,2480000,Pointe a la Hache and Carlisle Marsh Creation,MC,248a,0.0017505759994188945,0.0,2006202240.4060972,2006202240.4060972,,86589000.0,,1
3320000,8,Barataria,2,84498300.0,2703945600.0,26,3320000,Caminada Headlands Ridge Restoration,RR,332,,,,,,,,
2580000,7,Pontchartrain,1,-41226196.15384615,-2143762200.0,0,2580000,Carlisle Ridge Restoration,RR,258,0.001151047223670916,0.0,14027517.715562219,14027517.715562219,,,,
1290000,8,Terrebonne,1,-5921861.538461538,-307936800.0,2,1290000,Small Bayou LaPointe Ridge Restoration,RR,129,-0.00010288027780396598,0.0,17799672.160962027,17799672.160962027,,,,
3170000,7,Pontchartrain,1,-40037451.92307692,-2081947500.0,0,3170000,Five East Bank Ridge Restoration,RR,317,0.00220360121001368,0.0,74547673.76576658,74547673.76576658,,,,
2940000,7,Central Coast,1,788296.1538461539,40991400.0,46,2940000,Freshwater Bayou South Marsh Creation,MC,294,0.00792754590511322,0.00011031750751578289,192503137.5202949,192503137.5202949,,,,
2430000,7,Terrebonne,1,-219773.07692307694,-11428200.0,20,2430000,Ama Sediment Diversion,DI,243,-0.0071622878313064575,0.05032545203963915,1324140723.1901567,1324140723.1901567,,,,
2560000,7,Pontchartrain,2,-60249490.90909091,-1988233200.0,0,2560000,Bayou Terre aux Boeufs Ridge Restoration,RR,256,,,,,,,,
3180000,8,Pontchartrain,1,196468.26923076922,40865400.0,175,3180000,Tchefuncte River Restoration,RR,318,-0.03598458538068592,-0.1056349119645054,1460927.3466666252,1460927.3466666252,,,,
3260200,8,Barataria,1,27951680.769230768,1453487400.0,32,3260200,Mid-Barataria Landbridge - East,LB,326c,-0.02808290223280589,0.0024115896743276844,859552792.0171046,859552792.0171046,,26043300.0,,1
2280000,7,Chenier Plain,1,5207910.576923077,1083245400.0,141,2280000,Calcasieu Ship Channel Marsh Creation,MC,228,0.00048419540328097484,0.00011611534230535922,105399628.78897215,105399628.78897215,,11604600.0,,1
3250200,7,Barataria,1,3418736.5384615385,177774300.0,22,3250200,Lower Barataria Landbridge - East,LB,325c,-0.019984248280525207,0.006256673198479872,,,,27866700.0,,1
3280000,8,Barataria,2,-3404137.5,-108932400.0,15,3280000,Bayou Barataria Ridge and Marsh Creation,IP,328,,,,,,33011100.0,,1
2420000,7,Pontchartrain,2,-16459036.363636363,-543148200.0,0,2420000,Manchac Landbridge Diversion,DI,242,,,,,,,,
890100,7,Barataria,1,18410244.230769232,957332700.0,38,890100,Lower Barataria Marsh Creation,MC,089b,-0.02478203736245632,-0.0010078734718263148,2018624280.0418801,2018624280.0418801,,77857200.0,,1
3250000,7,Barataria,2,51975081.81818182,1715177700.0,32,3250000,Lower Barataria Landbridge,LB,325a,,,,,,42304500.0,,1
3070200,8,Pontchartrain,1,-35729601.92307692,-1857939300.0,0,3070200,South Breton Landbridge Marsh Creation - Central,LB,307c,-0.0023910775780677795,0.028387874078292113,351695722.8295264,351695722.8295264,,9967500.0,,1
2240200,8,Chenier Plain,1,8566840.384615384,1781902800.0,144,2240200,East Calcasieu Lake Marsh Creation,MC,224c,-0.00006157880301003928,-0.00011945402218123614,384117072.1878863,384117072.1878863,,65307600.0,,1
3220000,8,Pontchartrain,2,22942674.26470588,3120203700.0,116,3220000,Freshwater Delivery to Western Barataria,DI,322,-0.019334794810185067,-0.015442663087294651,148606352.88436753,148606352.88436753,,42049800.0,,1
2950000,7,Chenier Plain,1,-6776688.461538462,-352387800.0,0,2950000,White Lake Marsh Creation,MC,295,-0.0005025148391723632,0.00494847446680069,596895471.824584,596895471.824584,,43196400.0,,1
2310000,8,Central Coast,2,22393237.5,716583600.0,25,2310000,Cheniere au Tigre Ridge Restoration,RR,231,,,,,,,,
1290000,8,Terrebonne,2,74593406.25,2386989000.0,32,1290000,Small Bayou LaPointe Ridge Restoration,RR,129,,,,,,,,
2850000,7,Terrebonne,1,18383192.307692308,955926000.0,35,2850000,South Terrebonne Marsh Creation,MC,285,0.00017293830486861142,0.0,1713718310.736261,1713718310.736261,,78807600.0,,1
900200,8,Barataria,2,45258048.52941176,6155094600.0,112,900200,Large-Scale Barataria Marsh Creation,MC,090c,-0.006908141936247165,-0.0016512832461068262,944258828.5714004,944258828.5714004,,59061600.0,,1
140000,7,Barataria,1,1825251.923076923,94913100.0,50,140000,Central Wetlands Diversion,DI,014a,-0.0208266440190767,0.0040842509931988185,,,,,,
3520000,7,Chenier Plain,2,-95061163.63636364,-3137018400.0,0,3520000,Wildhorse Marsh Creation,MC,352,,,,,,13735800.0,,1
2160000,7,Chenier Plain,2,6971918.9781021895,955152900.0,94,2160000,Southeast Calcasieu Lake Marsh Creation,MC,216,0.00014514533373025747,0.00011518626258923457,429349974.9678374,429349974.9678374,,36052200.0,,1
3060000,8,Pontchartrain,2,-30798112.5,-985539600.0,12,3060000,Biloxi Marsh Hydrologic Restoration,HR,306,,,,,,,,
2690000,8,Barataria,1,2285757.6923076925,118859400.0,52,2690000,Adams Bay Ridge Restoration,RR,269,-0.017378452751371596,-0.004276712890714407,8373784.037325136,8373784.037325136,,,,
3230000,7,Barataria,2,41183072.72727273,1359041400.0,32,3230000,Edgard Diversion,DI,323,,,,,,,,
3270000,8,Pontchartrain,2,-31974265.384615384,-1662661800.0,13,3270000,Lower Plaquemines River Sediment Plan,IP,327,0.005121104046702385,0.0,,,,,,
2670000,7,Barataria,1,5609076.923076923,291672000.0,27,2670000,North Barataria Bay Marsh Creation,MC,267,-0.021018532663583757,0.002708610633145208,,,,13303800.0,,1
2690000,7,Barataria,1,2418905.769230769,125783100.0,51,2690000,Adams Bay Ridge Restoration,RR,269,-0.021220927437146504,-0.012883627493130533,8373784.037325136,8373784.037325136,,,,
2070000,8,Chenier Plain,1,19428849.519230768,4041200700.0,177,2070000,South Grand Chenier Marsh Creation,MC,207,-0.00007301740262700224,-0.0001221188259395686,605182933.1250249,605182933.1250249,,25874100.0,,1
3310000,7,Barataria,1,10253215.384615384,533167200.0,52,3310000,Southeast Golden Meadow Marsh Creation,MC,331a,-0.002795420194927015,0.008914291858673096,344851405.4206089,344851405.4206089,,14123700.0,,1
3050000,8,Pontchartrain,1,-65855232.692307696,-3424472100.0,0,3050000,Western Maurepas Sediment Diversion,DI,305,-0.01576194682946572,-0.011327032161795574,1516071056.0792246,1516071056.0792246,,,,
3540000,8,Barataria,1,21671307.692307692,1126908000.0,24,3540000,Upper Barataria Landbridge,LB,354,-0.038003636598587034,-0.005816277737418811,877864100.4059398,877864100.4059398,,27411300.0,,1
890100,7,Barataria,2,-27540845.454545453,-908847900.0,0,890100,Lower Barataria Marsh Creation,MC,089b,,,,,,61130700.0,,1
3400000,7,Terrebonne,1,26494900.96153846,2755469700.0,48,3400000,Lower Bayou Petit Caillou Ridge Restoration,RR,340,0.00012745466870321353,0.0,2599499.710301575,2599499.710301575,,,,
2510000,8,Pontchartrain,2,41808275.73529412,5685925500.0,107,2510000,Spanish Lake Marsh Creation,MC,251,0.0006932408477251346,0.0,99234103.66541749,99234103.66541749,,2760300.0,,1
2980200,8,Chenier Plain,1,22682557.21153846,4717971900.0,159,2980200,West Brown Lake Marsh Creation - South,MC,298c,-0.001384799270068898,-0.0010798370445167626,319093096.10396934,319093096.10396934,,45917100.0,,1
1280000,8,Terrebonne,1,-5448409.615384615,-283317300.0,0,1280000,Bayou Dularge Ridge Restoration,RR,128,0.0002509824931621552,0.0,8069802.024533557,8069802.024533557,,,,
2440000,8,Pontchartrain,1,-25798932.692307692,-1341544500.0,8,2440000,Union Freshwater Diversion,DI,244,-0.015095206980521862,-0.010122286299100289,1516071056.0792246,1516071056.0792246,,,,
3310200,8,Barataria,1,59720239.90384615,12421809900.0,179,3310200,Southeast Golden Meadow Marsh Creation - Central,MC,331c,-0.0007203694752284459,0.0005528163909912109,108369573.41683884,108369573.41683884,,14123700.0,,1
3500000,7,Chenier Plain,1,-25670700.0,-1334876400.0,0,3500000,Cameron-Creole Hydrologic Restoration Improvements,HR,350,0.0003307610750198364,-0.0004818874754403767,10627182.59842901,10627182.59842901,,19716300.0,,1
3250200,8,Barataria,2,121727283.08823529,16554910500.0,126,3250200,Lower Barataria Landbridge - East,LB,325c,-0.004518433832205259,-0.0020763962887800657,1273153745.5521328,1273153745.5521328,,27866700.0,,1
540000,8,Pontchartrain,2,50793825.0,4266681300.0,65,540000,Bayou LaLoutre Ridge Restoration,RR,054,-0.01699737975230584,0.0072485985091099376,31392619.147801265,31392619.147801265,,,,
3410000,7,Terrebonne,2,61049590.90909091,2014636500.0,32,3410000,Charenton Diversion,DI,341a,,,,,,,,
1230000,8,Barataria,1,62526643.26923077,13005541800.0,186,1230000,Belle Pass-Golden Meadow Marsh Creation,MC,123,-0.00187907969722381,0.005408896133303642,1248115713.4291532,1248115713.4291532,,,,
2710000,7,Barataria,2,-34373645.45454545,-1134330300.0,0,2710000,Grand Bayou Ridge Restoration,RR,271,,,,,,,,
370400,8,Pontchartrain,2,23233716.346153848,2416306500.0,94,370400,New Orleans East Marsh Creation,MC,037e,-0.03653912991285324,-0.05696195593247047,672517372.0186257,672517372.0186257,,123133500.0,,1
370000,7,Pontchartrain,1,13555730.76923077,704898000.0,52,370000,New Orleans East Marsh Creation,MC,037a,-0.06321869077889816,-0.07038334839873844,,,,158594400.0,,1
3240000,8,Barataria,1,16367001.923076924,851084100.0,24,3240000,Upper Barataria Hydrologic Restoration,HR,324,-0.041198618213335675,0.0010428706353360956,89907369.96580915,89907369.96580915,,,,
2700000,7,Barataria,1,1024546.1538461539,53276400.0,40,2700000,Bayou Eau Noire Ridge Restoration,RR,270,-0.021342174002998753,-0.03150609089061618,15235213.121284131,15235213.121284131,,,,
350000,7,Pontchartrain,1,-40089876.92307692,-2084673600.0,0,350000,Hopedale Marsh Creation,MC,035,0.0011130331148361337,0.0,,,,7629300.0,,1
2100000,8,Chenier Plain,1,21331337.019230768,4436918100.0,157,2100000,Mud Lake Marsh Creation,MC,210,-0.0014023402759007046,-0.0007444530376913952,383204030.9513649,383204030.9513649,,31288500.0,,1
1300000,8,Terrebonne,1,17999143.269230768,3743821800.0,201,1300000,Mauvais Bois Ridge Restoration,RR,130,0.00034404059840460955,0.0,15255104.769294918,15255104.769294918,,,,
3110000,8,Pontchartrain,1,-46939967.307692304,-2440878300.0,0,3110000,Black and Eloi Bay Ridge and Marsh Creation,IP,311,-0.001612524191538493,0.032334195682778955,779774004.1844923,779774004.1844923,,6624900.0,,1
3330000,8,Barataria,2,-2053181.25,-65701800.0,2,3330000,Three Ridge Restoration,RR,333,,,,,,,,
3460000,7,Central Coast,1,31219022.596153848,6493556700.0,190,3460000,Marsh Island Barrier Marsh Creation,MC,346,0.004225998439572074,0.00006736472768839015,902683636.6951557,902683636.6951557,,61911900.0,,1
3150000,7,Pontchartrain,2,29028107.299270075,3976850700.0,94,3150000,North and East Lake Lery Marsh Creation,MC,315,0.00011276937304781034,0.0,1276686247.2749176,1276686247.2749176,,42611400.0,,2
3620000,8,Terrebonne,1,136949988.46153846,7121399400.0,50,3620000,Atchafalaya Diversions,DI,362,-0.011473993842418376,-0.011967614221458252,794345543.0258552,794345543.0258552,,,,
3370000,8,Terrebonne,1,60919619.711538464,12671280900.0,197,3370000,Fourleague Bay - Blue Hammock Bayou Marsh Creation,MC,337,-0.00016397844220316686,0.0,520143387.4150665,520143387.4150665,,27612900.0,,1
2540000,8,Pontchartrain,1,1916982.6923076923,99683100.0,51,2540000,Guste Island Marsh Creation,MC,254,-0.07197022769186232,-0.1319655056880868,103069009.22424352,103069009.22424352,,2781900.0,,1
3350400,8,Terrebonne,2,120902697.79411764,16442766900.0,128,3350400,Eastern Terrebonne Landbridge - West and Central,LB,335e,-0.009504122802844414,-0.014368373040969554,1066873784.5643802,1066873784.5643802,,26906400.0,,1
2710000,8,Barataria,2,-9371221.875,-299879100.0,2,2710000,Grand Bayou Ridge Restoration,RR,271,,,,,,,,
3180000,7,Pontchartrain,1,124736.53846153847,25945200.0,194,3180000,Tchefuncte River Restoration,RR,318,-0.030800854924034938,-0.07166574229408243,1460927.3466666252,1460927.3466666252,,,,
3350300,7,Terrebonne,1,87507073.5576923,18201471300.0,188,3350300,Eastern Terrebonne Landbridge - East,LB,335d,-0.011775456368923187,0.0008168260894674162,461516154.356294,461516154.356294,,14803200.0,,1
2130000,7,Central Coast,1,29065733.653846152,6045672600.0,190,2130000,West Rainey Marsh Creation,MC,213,0.004186359762448316,0.0000696395304095879,517895090.2844453,517895090.2844453,,39942000.0,,1
900100,8,Barataria,1,35090342.307692304,1824697800.0,41,900100,Large-Scale Barataria Marsh Creation,MC,090b,-0.03878763735294342,-0.01054624556785538,1045502926.8910621,1045502926.8910621,,47673000.0,,1
890100,8,Barataria,2,6716671.875,214933500.0,19,890100,Lower Barataria Marsh Creation,MC,089b,,,,,,56646900.0,,1
3140000,8,Pontchartrain,1,5124777.403846154,1065953700.0,191,3140000,Belle Pass Island Marsh Creation,MC,314,0.0005417951068825485,0.0,158041918.2262513,158041918.2262513,,8370900.0,,1
3260000,8,Barataria,2,99829912.5,3194557200.0,32,3260000,Mid-Barataria Landbridge,LB,326a,,,,,,41519700.0,,1
1390000,7,Barataria,1,-5218061.538461538,-271339200.0,4,1390000,Increase Atchafalaya Flow to Terrebonne,DI,139a,0.007730988642344108,0.008335200998072442,593427172.9313805,593427172.9313805,,,,
2670000,8,Barataria,1,24725492.307692308,1285725600.0,32,2670000,North Barataria Bay Marsh Creation,MC,267,-0.035877595154138714,-0.007099305533550002,,,,13213800.0,,1
1080000,7,Terrebonne,1,97950363.46153846,15280256700.0,145,1080000,Atchafalaya River Diversion,DI,108,-0.012442471165406076,-0.0022734499922612817,794345543.0258552,794345543.0258552,,,,
2440000,8,Pontchartrain,2,-36548521.875,-1169552700.0,13,2440000,Union Freshwater Diversion,DI,244,,,,,,,,
3120000,8,Pontchartrain,1,5841294.230769231,303747300.0,35,3120000,Manchac Wetland Restoration and Maurepas Landbridge,IP,312,-0.07181806599392611,-0.13174004378643903,2307209886.500295,2307209886.500295,,96542100.0,,1
450000,7,Pontchartrain,2,-27224863.636363637,-898420500.0,0,450000,Golden Triangle Marsh Creation,MC,045,,,,,,15563700.0,,1
2530000,8,Pontchartrain,1,33261481.730769232,6918388200.0,144,2530000,Tiger Ridge/Maple Knoll Marsh Creation,MC,253,0.0006058797413526579,0.0,247901174.3533037,247901174.3533037,,8802000.0,,1
3410000,8,Central Coast,2,2202834.375,70490700.0,13,3410000,Charenton Diversion,DI,341a,,,,,,,,
3450000,7,Terrebonne,2,9043936.363636363,298449900.0,29,3450000,Avoca Island Marsh Creation,MC,345,,,,,,834300.0,,1
3410000,8,Terrebonne,1,-19496180.769230768,-1013801400.0,3,3410000,Charenton Diversion,DI,341a,-0.013873808478054247,-0.0073319955364517546,303280431.4997129,303280431.4997129,,,,
3450000,7,Terrebonne,1,12283130.76923077,638722800.0,52,3450000,Avoca Island Marsh Creation,MC,345,0.002241582190617919,0.0,161695328.83452082,161695328.83452082,,3219300.0,,1
3060000,8,Pontchartrain,1,-37529515.384615384,-1951534800.0,0,3060000,Biloxi Marsh Hydrologic Restoration,HR,306,-0.0043093543499708176,0.018639129896958668,44631416.4994805,44631416.4994805,,,,
2840000,8,Terrebonne,2,48637575.0,1556402400.0,25,2840000,Grand Bayou Hydrologic Restoration,HR,284,,,,,,,,
2290000,7,Chenier Plain,1,-25525159.615384616,-1327308300.0,0,2290000,Kelso Bayou Marsh Creation,MC,229,0.0010154942671457927,0.00014820730402356102,15428021.38147978,15428021.38147978,,1277100.0,,1
3350200,8,Terrebonne,1,589517.3076923077,30654900.0,33,3350200,Eastern Terrebonne Landbridge - Central,LB,335c,0.0005657300353050232,0.008451709229695169,655570719.6455468,655570719.6455468,,16935300.0,,1
2510000,7,Pontchartrain,2,26390108.75912409,3615444900.0,94,2510000,Spanish Lake Marsh Creation,MC,251,0.00011276937304781034,0.0,100144448.08720769,100144448.08720769,,3053700.0,,1
900200,7,Barataria,2,11418746.715328468,1564368300.0,99,900200,Large-Scale Barataria Marsh Creation,MC,090c,-0.007675102123847375,-0.0019620930274518635,789982037.420279,789982037.420279,,59080500.0,,1
3350100,8,Terrebonne,1,-3755007.6923076925,-195260400.0,16,3350100,Eastern Terrebonne Landbridge - West,LB,335b,0.0017598625272512436,0.002075016126036644,341349073.0982875,341349073.0982875,,9971100.0,,1
2070000,7,Chenier Plain,1,19961511.057692308,4151994300.0,185,2070000,South Grand Chenier Marsh Creation,MC,207,-0.000022893292563302177,0.00008416154308815223,566391197.3216909,566391197.3216909,,26477100.0,,1
2880000,8,Chenier Plain,2,36616359.375,1171723500.0,32,2880000,Vermilion Bay Marsh Creation,MC,288,,,,,,,,
2840000,7,Terrebonne,2,51471981.81818182,1698575400.0,32,2840000,Grand Bayou Hydrologic Restoration,HR,284,,,,,,,,
3040000,7,Pontchartrain,2,-16450200.0,-542856600.0,0,3040000,LaBranche Diversion,DI,304,,,,,,,,
1250000,8,Terrebonne,1,41811001.442307696,8696688300.0,171,1250000,North Terrebonne Bay Marsh Creation,MC,125,-0.013673766581125037,-0.018221925687173318,320897054.79693675,320897054.79693675,,15799500.0,,1
2470000,7,Pontchartrain,1,27009592.78846154,5617995300.0,141,2470000,Uhlan Bay Marsh Creation,MC,247,0.00013112113043502137,0.0,50237777.066053964,50237777.066053964,,2844000.0,,1
2420000,8,Pontchartrain,1,-188134.61538461538,-9783000.0,1,2420000,Manchac Landbridge Diversion,DI,242,-0.06767669878900051,-0.053926615665356316,250964844.94014984,250964844.94014984,,,,
3160000,7,Pontchartrain,2,-2804649.6350364964,-384237000.0,104,3160000,Chandeleur Sound Island Restoration,MC,316,-0.06679863310777225,0.03661341979526556,69160784.5652898,69160784.5652898,,2048400.0,,1
2320000,7,Chenier Plain,2,25366990.90909091,837110700.0,32,2320000,Pecan Island Ridge Restoration,RR,232,,,,,,,,
2840000,8,Barataria,2,-10737562.5,-343602000.0,0,2840000,Grand Bayou Hydrologic Restoration,HR,284,,,,,,,,
2840000,7,Barataria,2,-11848418.181818182,-390997800.0,0,2840000,Grand Bayou Hydrologic Restoration,HR,284,,,,,,,,
2880000,8,Chenier Plain,1,-66759040.384615384,-3471470100.0,0,2880000,Vermilion Bay Marsh Creation,MC,288,-0.002782195806503296,0.010245925188064576,255970475.02530357,255970475.02530357,,,,
2420000,8,Pontchartrain,2,-9973125.0,-319140000.0,4,2420000,Manchac Landbridge Diversion,DI,242,,,,,,,,
2210000,8,Chenier Plain,1,25342057.21153846,5271147900.0,151,2210000,East Pecan Island Marsh Creation,MC,221,-0.00052967719864427,0.0008300489294314813,939422255.3517579,939422255.3517579,,43854300.0,,1
400000,8,Pontchartrain,1,14761276.442307692,3070345500.0,191,400000,Central Wetlands Marsh Creation,MC,040,-0.013672634959220886,-0.013509894410769144,70523040.56162837,70523040.56162837,,10420200.0,,1
3360000,8,Terrebonne,2,51810243.75,1657927800.0,32,3360000,Greater Terrebonne Bay Rim Ridge Restoration with Marsh Creation,IP,336,,,,,,2751300.0,,1
3280000,7,Barataria,1,4400601.923076923,228831300.0,27,3280000,Bayou Barataria Ridge and Marsh Creation,IP,328,-0.023134509430212134,0.000575335385898749,1092143693.5044346,1092143693.5044346,,46352700.0,,1
3230000,7,Pontchartrain,2,-107258209.0909091,-3539520900.0,0,3230000,Edgard Diversion,DI,323,,,,,,7380000.0,,1
1390100,7,Terrebonne,1,14596009.615384616,758992500.0,49,1390100,Increase Atchafalaya Flow to Terrebonne - Alternate Regime,DI,139b,,,593427172.9313804,593427172.9313804,,,,
60000,7,Pontchartrain,1,-38758223.07692308,-2015427600.0,0,60000,Lower Breton Diversion,DI,006,0.0016474784775213761,0.00006637916616771533,511541648.8677877,511541648.8677877,,,,
3230000,8,Pontchartrain,1,2727744.230769231,141842700.0,35,3230000,Edgard Diversion,DI,323,-0.016744923777878284,0.00046036019921302795,783656345.1616608,783656345.1616608,,,,
2520000,8,Pontchartrain,2,5716265.625,182920500.0,22,2520000,St. Tammany Marsh Creation,MC,252,,,,,,49980600.0,,1
2580000,7,Pontchartrain,2,-60244936.36363637,-1988082900.0,0,2580000,Carlisle Ridge Restoration,RR,258,,,,,,,,
1230000,8,Terrebonne,1,44109138.461538464,9174700800.0,168,1230000,Belle Pass-Golden Meadow Marsh Creation,MC,123,-0.010831621260597156,-0.015008197631686926,1248115713.4291532,1248115713.4291532,,76509900.0,,1
2440000,8,Barataria,2,-19448240.625,-622343700.0,3,2440000,Union Freshwater Diversion,DI,244,,,,,,,,
2210000,7,Chenier Plain,1,33038571.634615384,6872022900.0,183,2210000,East Pecan Island Marsh Creation,MC,221,-0.000594634138895366,0.003941038387945329,815351841.9662533,815351841.9662533,,44952300.0,,1
1390100,7,Central Coast,1,16471228.846153846,856503900.0,52,1390100,Increase Atchafalaya Flow to Terrebonne - Alternate Regime,DI,139b,,,593427172.9313804,593427172.9313804,,,,
1320000,8,Terrebonne,1,-2543521.153846154,-132263100.0,2,1320000,Bayou Pointe Aux Chenes Ridge Restoration,RR,132,0.0026122257113456726,0.006670005046404325,15845926.599096319,15845926.599096319,,,,
3310100,7,Barataria,2,88983091.97080292,12190683600.0,128,3310100,Southeast Golden Meadow Marsh Creation - North and South,MC,331b,-0.001228771530664884,0.0021609526414137622,288040477.2574018,288040477.2574018,,8828100.0,,1
3100000,8,Pontchartrain,1,13894667.307692308,722522700.0,52,3100000,Three Mile Pass Marsh Creation and Hydrologic Restoration,IP,310,-0.029581643640995026,0.06491755985695383,,,,45602550.0,,2
2450000,7,Barataria,1,1954575.0,101637900.0,42,2450000,LaBranche Hydrologic Restoration,HR,245,-0.0065788450064482515,0.003693813786787145,122456533.32283677,122456533.32283677,,27411300.0,,1
1390000,8,Barataria,1,13622746.153846154,708382800.0,35,1390000,Increase Atchafalaya Flow to Terrebonne,DI,139a,0.005562492861197545,0.004833324525791865,593427172.9313804,593427172.9313804,,,,
2520000,8,Pontchartrain,1,7964515.384615385,414154800.0,51,2520000,St. Tammany Marsh Creation,MC,252,-0.06489646807312965,-0.105433154421357,348804092.43136376,348804092.43136376,,34762500.0,,1
2290000,8,Chenier Plain,1,-36099934.615384616,-1877196600.0,0,2290000,Kelso Bayou Marsh Creation,MC,229,0.003489063544706865,0.00013669633439608982,17032626.985744834,17032626.985744834,,1233900.0,,1
1390100,8,Terrebonne,1,-2235669.230769231,-116254800.0,27,1390100,Increase Atchafalaya Flow to Terrebonne - Alternate Regime,DI,139b,,,593427172.9313805,593427172.9313805,,,,
3250100,8,Barataria,1,37310123.07692308,1940126400.0,43,3250100,Lower Barataria Landbridge - West,LB,325b,-0.021186100748869088,-0.007871380164509728,515408241.48836017,515408241.48836017,,14437800.0,,1
1570200,8,Central Coast,1,34988300.48076923,7277566500.0,192,1570200,East Rainey Marsh Creation,MC,157c,0.002508112213067841,-0.00009123252497778998,488575613.6254283,488575613.6254283,,78055200.0,,1
2950000,7,Chenier Plain,2,3205990.909090909,105797700.0,25,2950000,White Lake Marsh Creation,MC,295,,,,,,42600600.0,,1
3310100,8,Barataria,2,81029382.35294117,11019996000.0,126,3310100,Southeast Golden Meadow Marsh Creation - North and South,MC,331b,-0.0006421517867308396,-0.0011368044293843783,316794874.8091872,316794874.8091872,,8828100.0,,1
380100,7,Pontchartrain,1,-25806392.307692308,-1341932400.0,0,380100,Breton Marsh Creation,MC,038b,0.0011923970993269575,0.0,1290751461.897267,1290751461.897267,,48137400.0,,1
2930200,7,Central Coast,1,26557299.519230768,5523918300.0,185,2930200,Freshwater Bayou North Marsh Creation,MC,293c,0.004025041343209273,0.00006946938983082065,159840766.4504673,159840766.4504673,,,,
3250200,7,Barataria,2,91136647.44525547,12485720700.0,128,3250200,Lower Barataria Landbridge - East,LB,325c,-0.00552864888539681,-0.0021697022020816803,1127629696.5953248,1127629696.5953248,,27866700.0,,1
2710000,7,Barataria,1,1031676.9230769231,53647200.0,22,2710000,Grand Bayou Ridge Restoration,RR,271,-0.051401764154434204,-0.002054520290006291,10127130.21061021,10127130.21061021,,,,
3320000,7,Barataria,2,91783745.45454545,3028863600.0,32,3320000,Caminada Headlands Ridge Restoration,RR,332,,,,,,,,
3050000,7,Barataria,1,-8731246.153846154,-454024800.0,12,3050000,Western Maurepas Sediment Diversion,DI,305,-0.0230631160736084,0.03224843224653831,1516071056.0792246,1516071056.0792246,,,,
3520000,8,Chenier Plain,1,-12750369.23076923,-663019200.0,14,3520000,Wildhorse Marsh Creation,MC,352,-0.0007560133934020996,-0.0028034945329030356,105868389.91096094,105868389.91096094,,13754700.0,,1
1390000,8,Central Coast,1,12635480.76923077,657045000.0,52,1390000,Increase Atchafalaya Flow to Terrebonne,DI,139a,-0.014248402072833134,0.04185604676604271,593427172.9313804,593427172.9313804,,,,
2130000,8,Central Coast,1,34624613.942307696,7201919700.0,191,2130000,West Rainey Marsh Creation,MC,213,0.0025775401578473217,-0.00010288345167435796,582213412.605648,582213412.605648,,39759300.0,,1
2680000,7,Barataria,2,-2265490.909090909,-74761200.0,5,2680000,Red Pass Ridge Restoration,RR,268,,,,,,,,
2480200,8,Pontchartrain,1,38212273.557692304,7948152900.0,164,2480200,Pointe a la Hache and Carlisle Marsh Creation,MC,248c,0.0006134994649167718,0.0,1665257243.8022702,1665257243.8022702,,86589000.0,,1
2450000,7,Pontchartrain,1,-26926736.53846154,-1400190300.0,10,2450000,LaBranche Hydrologic Restoration,HR,245,-0.008970144722196791,0.0036832988262176514,122456533.32283677,122456533.32283677,,,,
2430000,8,Pontchartrain,1,-32910715.384615384,-1711357200.0,0,2430000,Ama Sediment Diversion,DI,243,-0.0067864954471588135,0.023426748457409087,1324140723.1901565,1324140723.1901565,,,,
2460000,7,Pontchartrain,1,4016414.423076923,835414200.0,193,2460000,Sunrise Point Marsh Creation,MC,246,0.00032289385456930506,0.0,74303677.0801168,74303677.0801168,,4331700.0,,1
3040000,8,Pontchartrain,2,-9973659.375,-319157100.0,4,3040000,LaBranche Diversion,DI,304,,,,,,,,
2930200,8,Chenier Plain,1,5164740.865384615,1074266100.0,135,2930200,Freshwater Bayou North Marsh Creation,MC,293c,-0.0014047993477000747,0.003002008931203322,208387668.38637453,208387668.38637453,,40523400.0,,1
2560000,7,Pontchartrain,1,-41386828.84615385,-2152115100.0,0,2560000,Bayou Terre aux Boeufs Ridge Restoration,RR,256,0.001033170252210564,0.0,14854220.10935952,14854220.10935952,,,,
3540000,7,Barataria,2,-51786218.18181818,-1708945200.0,0,3540000,Upper Barataria Landbridge,LB,354,,,,,,27411300.0,,1
2180000,8,Chenier Plain,1,20412376.442307692,4245774300.0,156,2180000,Cameron Meadows Marsh Creation,MC,218,-0.001421663340400247,-0.0006282990853461993,236592623.60813126,236592623.60813126,,15085800.0,,1
3540000,7,Barataria,1,-6781673.076923077,-352647000.0,14,3540000,Upper Barataria Landbridge,LB,354,-0.02299017486748872,0.01046044532867039,773961609.2237523,773961609.2237523,,27411300.0,,1
3410000,7,Central Coast,1,21367159.615384616,1111092300.0,52,3410000,Charenton Diversion,DI,341a,-0.018403093020121258,0.04839275777339935,303280431.4997128,303280431.4997128,,,,
2450000,7,Barataria,2,89535327.27272727,2954665800.0,32,2450000,LaBranche Hydrologic Restoration,HR,245,,,,,,27411300.0,,1
3070100,7,Pontchartrain,2,-102520963.63636364,-3383191800.0,0,3070100,South Breton Landbridge Marsh Creation - West,LB,307b,,,,,,50354100.0,,1
2450000,7,Pontchartrain,2,-166583263.63636363,-5497247700.0,0,2450000,LaBranche Hydrologic Restoration,HR,245,,,,,,,,
2940000,8,Chenier Plain,1,1447286.5384615385,75258900.0,23,2940000,Freshwater Bayou South Marsh Creation,MC,294,-0.0011724899796878591,-0.0007262282511767219,253158605.29840162,253158605.29840162,,27956700.0,,1
2980100,8,Chenier Plain,2,9619544.11764706,1308258000.0,98,2980100,West Brown Lake Marsh Creation - North,MC,298b,-0.0015318313470253577,-0.0004948658438829276,410154979.6348978,410154979.6348978,,26785800.0,,1
2570000,7,Pontchartrain,1,-42273709.615384616,-2198232900.0,0,2570000,Bayou Aux Chenes Ridge Restoration,RR,257,0.0009652063664462832,0.0,43816594.9611011,43816594.9611011,,,,
3340000,7,Barataria,1,68741718.75,14298277500.0,194,3340000,Bayou L’Ours Ridge Restoration,RR,334,-0.0012541740805238157,0.002286994374460644,7788929.847413788,7788929.847413788,,,,
3350000,7,Terrebonne,1,22062392.307692308,1147244400.0,42,3350000,Eastern Terrebonne Landbridge,LB,335a,-0.0032524790452874226,-0.0006503044731087155,1400724253.3784873,1400724253.3784873,,41709600.0,,1
3410000,8,Central Coast,1,17309838.46153846,900111600.0,52,3410000,Charenton Diversion,DI,341a,-0.015092661506251284,0.046920978504678475,303280431.4997129,303280431.4997129,,,,
3490000,8,Chenier Plain,1,35150378.365384616,7311278700.0,141,3490000,Cameron-Creole to the Gulf Hydrologic Restoration,HR,349,-0.00028428316116333005,0.0006351762119380907,69267379.87158504,69267379.87158504,,,,
2430000,8,Barataria,1,-88047640.38461539,-4578477300.0,1,2430000,Ama Sediment Diversion,DI,243,-0.022741949016397648,0.0021577058803467523,1324140723.1901565,1324140723.1901565,,,,
3240000,8,Barataria,2,-13445128.125,-430244100.0,6,3240000,Upper Barataria Hydrologic Restoration,HR,324,,,,,,,,
3380000,8,Terrebonne,2,54253687.5,1736118000.0,32,3380000,Eastern Terrebonne Fringing Marsh,MC,338,,,,,,8551800.0,,1
3120000,8,Pontchartrain,2,-5271609.375,-168691500.0,10,3120000,Manchac Wetland Restoration and Maurepas Landbridge,IP,312,,,,,,95937300.0,,1
3090000,7,Pontchartrain,1,5279832.692307692,274551300.0,52,3090000,Western Biloxi Marsh Complex,IP,309,-0.031090786059697468,-0.10305405364317052,640092533.8726451,640092533.8726451,,34437600.0,,1
3240000,8,Terrebonne,1,-1968576.923076923,-102366000.0,4,3240000,Upper Barataria Hydrologic Restoration,HR,324,0.0003713508447011312,0.000043684786016290836,89907369.96580915,89907369.96580915,,,,
3530000,8,Chenier Plain,1,-117239642.3076923,-6096461400.0,0,3530000,Chenier Ridges Restoration,RR,353,-0.0001395130157470703,0.0004313439130783081,452861035.56023365,452861035.56023365,,,,
3480000,7,Chenier Plain,1,-26856640.384615384,-1396545300.0,0,3480000,Calcasieu/Sabine Basin Hydrologic Restoration,HR,348,-0.001668033003807068,-0.005580812692642212,68755106.70696343,68755106.70696343,,,,
3450000,8,Terrebonne,2,19107675.0,611445600.0,25,3450000,Avoca Island Marsh Creation,MC,345,,,,,,762300.0,,1
3510000,7,Chenier Plain,1,-7010601.923076923,-364551300.0,0,3510000,White Lake Wetlands Conservation Area Restoration Plan,IP,351,-0.004014556606610616,0.015856040151495682,481835725.4757955,481835725.4757955,,19716300.0,,1
2860200,8,Terrebonne,1,62862641.82692308,13075429500.0,194,2860200,North Lake Mechant Marsh Creation - East,MC,286c,-0.00017405047136194565,0.0,337110418.36462784,337110418.36462784,,35087400.0,,1
3300000,8,Barataria,1,67972413.46153846,14138262000.0,187,3300000,East Bayou Lafourche Marsh Creation,MC,330,-0.0006327220371791295,0.000180324946326771,1620414693.0043962,1620414693.0043962,,81389700.0,,1
3380000,8,Terrebonne,1,4557998.076923077,237015900.0,39,3380000,Eastern Terrebonne Fringing Marsh,MC,338,0.002319391816854477,0.0014605944355328877,331552662.1800657,331552662.1800657,,12762000.0,,1
3420000,8,Terrebonne,1,58578200.48076923,12184265700.0,161,3420000,Western Terrebonne Hydrologic Restoration,HR,342,-0.00010738968849182129,0.0,18592127.87682648,18592127.87682648,,,,
130100,8,Pontchartrain,1,-48501900.0,-2522098800.0,7,130100,Upper Breton Diversion,DI,013b,-0.003062820304994998,0.012111129860083262,1604989123.0088859,1604989123.0088859,,,,
2940000,8,Central Coast,2,22411743.75,717175800.0,25,2940000,Freshwater Bayou South Marsh Creation,MC,294,,,,,,,,
140000,8,Barataria,2,76673799.26470588,10427636700.0,113,140000,Central Wetlands Diversion,DI,014a,-0.0020488139528494617,-0.002430273936345027,343704458.90261245,343704458.90261245,,33011100.0,,1
3620000,8,Central Coast,1,55142013.461538464,2867384700.0,47,3620000,Atchafalaya Diversions,DI,362,-0.0060069262981414795,0.05902358860923694,794345543.0258552,794345543.0258552,,,,
2940000,7,Chenier Plain,1,-894340.3846153846,-46505700.0,21,2940000,Freshwater Bayou South Marsh Creation,MC,294,-0.0011073946952819824,-0.0017436344338499982,192503137.5202949,192503137.5202949,,27959400.0,,1
3260000,8,Barataria,1,42152503.84615385,2191930200.0,32,3260000,Mid-Barataria Landbridge,LB,326a,-0.026214053918575418,0.0012947508822316709,1521680130.9042664,1521680130.9042664,,41519700.0,,1
3080000,8,Pontchartrain,1,46748.07692307692,2430900.0,39,3080000,Lake Pontchartrain Marsh Protection Shoreline Protection,IP,308,-0.055739290439165555,-0.07998225804079663,245964321.4727762,245964321.4727762,,1986300.0,,1
2240000,8,Chenier Plain,1,-12904580.76923077,-671038200.0,3,2240000,East Calcasieu Lake Marsh Creation,MC,224a,0.0019016563892364502,0.00012193833078656877,1198347309.6252759,1198347309.6252759,,65307600.0,,1
3620000,7,Central Coast,1,47243042.307692304,2456638200.0,47,3620000,Atchafalaya Diversions,DI,362,-0.007266582204745366,0.06211350170465616,794345543.0258551,794345543.0258551,,,,
2860300,7,Terrebonne,2,80269324.81751825,10996897500.0,128,2860300,North Lake Mechant Marsh Creation - West,MC,286d,0.00008646499079007369,0.0,296814415.05293316,296814415.05293316,,18547200.0,,1
3390000,7,Terrebonne,1,50162053.84615385,10433707200.0,173,3390000,West Terrebonne Marsh Creation,MC,339,0.00012898360866875875,0.0,1925506172.4827409,1925506172.4827409,,86895900.0,,1
3270000,7,Barataria,2,-24094834.615384616,-1252931400.0,0,3270000,Lower Plaquemines River Sediment Plan,IP,327,0.02083839972813924,-0.007198482352708068,,,,2897940116.0,,1
1230000,7,Barataria,1,68332335.57692307,14213125800.0,196,1230000,Belle Pass-Golden Meadow Marsh Creation,MC,123,-0.002409776242879721,0.009449534834577488,1153304650.5070076,1153304650.5070076,,,,
3000100,7,Chenier Plain,2,-1442233.5766423359,-197586000.0,96,3000100,West Sabine Refuge Marsh Creation,MC,300b,-0.0010394041354839618,0.00006903192171683678,783539455.9397932,783539455.9397932,,32452200.0,,1
2930000,7,Central Coast,1,820921.1538461539,42687900.0,47,2930000,Freshwater Bayou North Marsh Creation,MC,293a,0.007014193318106912,0.00020247755142358632,374491127.6099335,374491127.6099335,,,,
3130000,8,Pontchartrain,1,35149474.038461536,7311090600.0,151,3130000,West Delacroix Marsh Creation,MC,313,0.000667947262607433,0.0,600535087.1297348,600535087.1297348,,19729800.0,,1
400000,7,Pontchartrain,1,12661935.576923076,2633682600.0,196,400000,Central Wetlands Marsh Creation,MC,040,-0.01476524897984096,-0.004667961493481037,58542632.879050255,58542632.879050255,,10665900.0,,1
2680000,8,Barataria,1,1810800.0,94161600.0,40,2680000,Red Pass Ridge Restoration,RR,268,-0.021391632556915282,-0.0069707706570625305,3858903.9625011133,3858903.9625011133,,,,
2530000,7,Pontchartrain,1,27773130.28846154,5776811100.0,141,2530000,Tiger Ridge/Maple Knoll Marsh Creation,MC,253,0.00009976090355352922,0.0,231853303.82536665,231853303.82536665,,8892900.0,,1
3270000,8,Barataria,2,-6682725.0,-347501700.0,14,3270000,Lower Plaquemines River Sediment Plan,IP,327,0.00895366370677948,0.00020659764607747395,,,,608655116.0,,1
3440100,7,Central Coast,1,42320587.5,8802682200.0,193,3440100,Central Coast Marsh Creation - Point Au Fer,MC,344b,-0.007716310946322278,0.05823788498894552,349011783.69258624,349011783.69258624,,32861700.0,,1
3290000,7,Barataria,1,64813937.01923077,13481298900.0,196,3290000,Caminada Bay Marsh Creation and Fifi Island Ridge,IP,329,-0.0011800352869362667,0.003282634888665151,103830638.37374493,103830638.37374493,,4711500.0,,1
3490000,7,Chenier Plain,1,38818929.807692304,8074337400.0,153,3490000,Cameron-Creole to the Gulf Hydrologic Restoration,HR,349,-0.0002600252628326416,0.0026163062274130316,69267379.87158503,69267379.87158503,,,,
2970000,7,Chenier Plain,2,-123816109.0909091,-4085931600.0,0,2970000,Calcasieu Lake West Bank Marsh Creation,MC,297,,,,,,40044600.0,,1
450000,8,Pontchartrain,1,6231271.153846154,324026100.0,52,450000,Golden Triangle Marsh Creation,MC,045,-0.035996942143691216,-0.12433448433876038,260278180.6023664,260278180.6023664,,16517700.0,,1
3370000,7,Terrebonne,1,62973713.942307696,13098532500.0,195,3370000,Fourleague Bay - Blue Hammock Bayou Marsh Creation,MC,337,0.00018148464815957206,0.0,453784978.25357157,453784978.25357157,,27621000.0,,1
140000,8,Pontchartrain,2,67751768.38235295,9214240500.0,118,140000,Central Wetlands Diversion,DI,014a,-0.009769463195250584,0.0014004380657122685,343704458.90261245,343704458.90261245,,95937300.0,,1
3260100,7,Barataria,1,-3461573.076923077,-180001800.0,14,3260100,Mid-Barataria Landbridge - West,LB,326b,-0.021882983048756917,0.0015184966226418812,,,,15476400.0,,1
2860100,7,Terrebonne,2,74993372.72727273,2474781300.0,32,2860100,North Lake Mechant Marsh Creation,MC,286b,,,605126284.0106009,605126284.0106009,,18547200.0,,1
3380000,7,Terrebonne,2,51661281.81818182,1704822300.0,32,3380000,Eastern Terrebonne Fringing Marsh,MC,338,,,,,,9648900.0,,1
1320000,7,Terrebonne,1,-1645009.6153846155,-85540500.0,0,1320000,Bayou Pointe Aux Chenes Ridge Restoration,RR,132,0.00370445496895734,0.003508024794213912,15845926.599096319,15845926.599096319,,,,
140000,8,Barataria,1,488111.53846153844,25381800.0,33,140000,Central Wetlands Diversion,DI,014a,-0.019063925370573997,0.0019803792238235474,,,,,,
3060000,7,Pontchartrain,1,-27425959.615384616,-1426149900.0,10,3060000,Biloxi Marsh Hydrologic Restoration,HR,306,-0.0059316083788871765,0.021060308707611903,44631416.4994805,44631416.4994805,,,,
3000200,7,Chenier Plain,1,10830284.134615384,2252699100.0,144,3000200,West Sabine Refuge Marsh Creation - Central,MC,300c,-0.0010162026717745025,-0.0002070018755538123,149342570.5372299,149342570.5372299,,41810400.0,,1
2440000,7,Pontchartrain,2,-175492309.0909091,-5791246200.0,0,2440000,Union Freshwater Diversion,DI,244,,,,,,,,
2240200,7,Chenier Plain,1,9344280.288461538,1943610300.0,179,2240200,East Calcasieu Lake Marsh Creation,MC,224c,0.0004320351105162551,0.00011799028247929691,347077848.7744556,347077848.7744556,,65505600.0,,1
2880000,8,Central Coast,2,28698440.625,918350100.0,27,2880000,Vermilion Bay Marsh Creation,MC,288,,,,,,19438200.0,,1
140000,7,Barataria,2,85382198.54014598,11697361200.0,128,140000,Central Wetlands Diversion,DI,014a,-0.0030973032116889954,-0.0018670260906219482,343704458.90261245,343704458.90261245,,35640900.0,,1
3410000,7,Terrebonne,1,-5642065.384615385,-293387400.0,7,3410000,Charenton Diversion,DI,341a,-0.01592409082998832,-0.009263726876815781,303280431.4997128,303280431.4997128,,,,
3240000,7,Barataria,1,-2055617.3076923077,-106892100.0,17,3240000,Upper Barataria Hydrologic Restoration,HR,324,-0.0359063595533371,0.009457411658432748,89907369.96580917,89907369.96580917,,,,
3220000,7,Barataria,2,88604435.03649636,12138807600.0,128,3220000,Freshwater Delivery to Western Barataria,DI,322,-0.00552864888539681,-0.0021697022020816803,148606352.88436753,148606352.88436753,,,,
140000,8,Pontchartrain,1,-20622859.615384616,-1072388700.0,14,140000,Central Wetlands Diversion,DI,014a,-0.0029998822137713432,0.01086124134334651,,,,,,
2440000,7,Barataria,1,-7693044.230769231,-400038300.0,13,2440000,Union Freshwater Diversion,DI,244,-0.029796332407456178,-0.0027513842170055094,1516071056.0792246,1516071056.0792246,,,,
3400000,8,Terrebonne,1,25589232.692307692,2661280200.0,48,3400000,Lower Bayou Petit Caillou Ridge Restoration,RR,340,-0.00028345099007579644,0.0,2599499.710301575,2599499.710301575,,,,
3530000,8,Chenier Plain,2,-55361446.875,-1771566300.0,9,3530000,Chenier Ridges Restoration,RR,353,,,,,,,,
3410000,7,Central Coast,2,-19290654.545454547,-636591600.0,8,3410000,Charenton Diversion,DI,341a,,,,,,,,
2130000,8,Chenier Plain,1,16549779.807692308,3442354200.0,150,2130000,West Rainey Marsh Creation,MC,213,-0.00008862177071543787,0.00008726986237319119,582213412.605648,582213412.605648,,,,
3130000,7,Pontchartrain,1,29459539.903846152,6127584300.0,141,3130000,West Delacroix Marsh Creation,MC,313,0.00010520129809888561,0.0,543871917.0408825,543871917.0408825,,19772100.0,,1
3100000,8,Pontchartrain,2,28250205.88235294,3842028000.0,121,3100000,Three Mile Pass Marsh Creation and Hydrologic Restoration,IP,310,-0.03712915686460642,0.015497438323039275,737327499.0945547,737327499.0945547,,37336050.0,,2
3290000,8,Barataria,1,58364052.40384615,12139722900.0,181,3290000,Caminada Bay Marsh Creation and Fifi Island Ridge,IP,329,-0.0006893498174260172,0.0006179234579853389,109743967.00436716,109743967.00436716,,4668300.0,,1
2160000,8,Chenier Plain,1,-26959655.769230768,-1401902100.0,0,2160000,Southeast Calcasieu Lake Marsh Creation,MC,216,0.003959243114177997,0.0001313457122215858,,,,36706500.0,,1
2320000,8,Chenier Plain,2,79260834.375,2536346700.0,32,2320000,Pecan Island Ridge Restoration,RR,232,,,,,,,,
3620000,7,Barataria,1,6832401.923076923,355284900.0,47,3620000,Atchafalaya Diversions,DI,362,-0.005675264562551792,-0.0008685795160440298,794345543.0258551,794345543.0258551,,,,
2860200,7,Terrebonne,1,65640617.307692304,13653248400.0,192,2860200,North Lake Mechant Marsh Creation - East,MC,286c,0.0001886628693744038,0.0,322414910.45925516,322414910.45925516,,36056700.0,,1
2570000,8,Pontchartrain,1,-38053921.15384615,-1978803900.0,0,2570000,Bayou Aux Chenes Ridge Restoration,RR,257,0.001976048658517274,0.0,43816594.9611011,43816594.9611011,,,,
3410000,8,Terrebonne,2,81714093.75,2614851000.0,32,3410000,Charenton Diversion,DI,341a,,,,,,,,
3000000,8,Chenier Plain,1,-1072955.7692307692,-55793700.0,18,3000000,West Sabine Refuge Marsh Creation,MC,300a,0.00024892034984770275,-0.0064129441976547245,942937095.0343478,942937095.0343478,,41657400.0,,1
3260200,8,Barataria,2,69734503.125,2231504100.0,27,3260200,Mid-Barataria Landbridge - East,LB,326c,,,,,,26043300.0,,1
2480200,7,Pontchartrain,1,31810556.25,6616595700.0,149,2480200,Pointe a la Hache and Carlisle Marsh Creation,MC,248c,0.0001447495862679637,0.0,1491142246.0521295,1491142246.0521295,,88148700.0,,1
2580000,8,Pontchartrain,1,-36717732.692307696,-1909322100.0,0,2580000,Carlisle Ridge Restoration,RR,258,0.0016571707757455961,0.0,14027517.715562219,14027517.715562219,,,,
1080000,8,Barataria,1,11757069.23076923,1834102800.0,126,1080000,Atchafalaya River Diversion,DI,108,-0.002332594578828269,0.001005158636921136,794345543.0258552,794345543.0258552,,,,
2930100,7,Chenier Plain,2,1786636.3636363635,58959000.0,25,2930100,Freshwater Bayou North Marsh Creation,MC,293b,,,322903706.9299798,322903706.9299798,,26747100.0,,1
3520000,8,Chenier Plain,2,-70577409.375,-2258477100.0,2,3520000,Wildhorse Marsh Creation,MC,352,,,,,,13657500.0,,1
2480100,8,Pontchartrain,2,-17265881.25,-552508200.0,12,2480100,Pointe a la Hache and Carlisle Marsh Creation,MC,248b,,,495387703.3535876,495387703.3535876,,20351700.0,,1
2570000,7,Pontchartrain,2,-60262472.72727273,-1988661600.0,0,2570000,Bayou Aux Chenes Ridge Restoration,RR,257,,,,,,,,
2700000,8,Barataria,2,-1347496.875,-43119900.0,3,2700000,Bayou Eau Noire Ridge Restoration,RR,270,,,,,,,,
2180000,7,Chenier Plain,1,9361592.307692308,1947211200.0,144,2180000,Cameron Meadows Marsh Creation,MC,218,-0.0013746126983942611,-0.0007277553553109641,209449699.1350596,209449699.1350596,,15090300.0,,1
2670000,8,Barataria,2,41030463.97058824,5580143100.0,107,2670000,North Barataria Bay Marsh Creation,MC,267,-0.006908141936247165,-0.0016512832461068262,296867307.04948556,296867307.04948556,,9990000.0,,1
3250200,8,Barataria,1,31371109.615384616,1631297700.0,32,3250200,Lower Barataria Landbridge - East,LB,325c,-0.02594342976808548,0.0005898419767618179,,,,27866700.0,,1
350000,8,Pontchartrain,1,-34456482.692307696,-1791737100.0,0,350000,Hopedale Marsh Creation,MC,035,0.0015365014735021088,0.0,,,,7623000.0,,1
2440000,7,Barataria,2,-56922081.81818182,-1878428700.0,0,2440000,Union Freshwater Diversion,DI,244,,,,,,,,
3330000,7,Barataria,2,-3475036.3636363638,-114676200.0,3,3330000,Three Ridge Restoration,RR,333,,,,,,,,
2320000,7,Chenier Plain,1,15061266.346153846,1566371700.0,47,2320000,Pecan Island Ridge Restoration,RR,232,-0.0010227538645267487,0.0044277265463789845,26443146.20289788,26443146.20289788,,,,
2980000,8,Chenier Plain,1,851971.1538461539,44302500.0,18,2980000,West Brown Lake Marsh Creation,MC,298a,-0.00046199134417942593,-0.005355144922549908,727891913.5054283,727891913.5054283,,45917100.0,,1
2570000,8,Pontchartrain,2,-21309103.125,-681891300.0,8,2570000,Bayou Aux Chenes Ridge Restoration,RR,257,,,,,,,,
3310200,7,Barataria,1,66470374.038461536,13825837800.0,196,3310200,Southeast Golden Meadow Marsh Creation - Central,MC,331c,-0.0012645636286054338,0.0033240743567434588,101807395.78159472,101807395.78159472,,14123700.0,,1
3070300,8,Pontchartrain,2,-37483453.125,-1199470500.0,8,3070300,South Breton Landbridge Marsh Creation - East,LB,307d,,,,,,17425800.0,,1
3540000,8,Barataria,2,-6664809.375,-213273900.0,14,3540000,Upper Barataria Landbridge,LB,354,,,,,,27411300.0,,1
2940000,7,Central Coast,2,28717309.09090909,947671200.0,32,2940000,Freshwater Bayou South Marsh Creation,MC,294,,,,,,,,
2560000,8,Pontchartrain,1,-36975565.384615384,-1922729400.0,0,2560000,Bayou Terre aux Boeufs Ridge Restoration,RR,256,0.0016900021582841873,0.0,14854220.10935952,14854220.10935952,,,,
2980000,7,Chenier Plain,1,-23878782.692307692,-1241696700.0,0,2980000,West Brown Lake Marsh Creation,MC,298a,-0.0023488348180597477,-0.005758138166533576,664081650.437228,664081650.437228,,46785600.0,,1
2970000,7,Chenier Plain,1,-59477936.538461536,-3092852700.0,0,2970000,Calcasieu Lake West Bank Marsh Creation,MC,297,-0.0010892257970922133,-0.0032751257805263296,238165707.96696228,238165707.96696228,,40169700.0,,1
3260200,7,Barataria,1,1160723.076923077,60357600.0,22,3260200,Mid-Barataria Landbridge - East,LB,326c,-0.020165310551722843,-0.0011544244156943427,790672377.3448853,790672377.3448853,,26043300.0,,1
1080000,8,Central Coast,1,40496648.07692308,6317477100.0,146,1080000,Atchafalaya River Diversion,DI,108,-0.008055689373636633,0.056361339466516364,794345543.0258552,794345543.0258552,,,,
3060000,7,Pontchartrain,2,-137255890.9090909,-4529444400.0,0,3060000,Biloxi Marsh Hydrologic Restoration,HR,306,,,,,,,,
450000,8,Pontchartrain,2,17040712.5,545302800.0,17,450000,Golden Triangle Marsh Creation,MC,045,,,,,,15096600.0,,1
2680000,8,Barataria,2,-1573143.75,-50340600.0,3,2680000,Red Pass Ridge Restoration,RR,268,,,,,,,,
3220000,7,Pontchartrain,2,-4635059.124087592,-635003100.0,104,3220000,Freshwater Delivery to Western Barataria,DI,322,-0.018841487283890065,-0.00842790764111739,148606352.88436753,148606352.88436753,,45352800.0,,1
3240000,7,Terrebonne,2,47572418.18181818,1569889800.0,32,3240000,Upper Barataria Hydrologic Restoration,HR,324,,,,,,,,
3070300,7,Pontchartrain,1,-27979978.846153848,-1454958900.0,10,3070300,South Breton Landbridge Marsh Creation - East,LB,307d,-0.0032230677704016366,0.041796571918224036,610582527.693913,610582527.693913,,17425800.0,,1
2960000,7,Chenier Plain,1,-7400630.769230769,-384832800.0,0,2960000,Little Chenier Marsh Creation,MC,296,-0.0036315123240152993,0.020190604708411476,,,,3942000.0,,1
2960000,8,Chenier Plain,2,26208536.53846154,2725687800.0,90,2960000,Little Chenier Marsh Creation,MC,296,-0.001269150238770705,0.002734679442185622,67833110.85014774,67833110.85014774,,2042100.0,,1
3350200,7,Terrebonne,2,117313963.63636364,3871360800.0,32,3350200,Eastern Terrebonne Landbridge - Central,LB,335c,,,,,,16935300.0,,1
3090000,7,Pontchartrain,2,-21782809.09090909,-718832700.0,1,3090000,Western Biloxi Marsh Complex,IP,309,,,,,,34437600.0,,1
2680000,7,Barataria,1,2132930.769230769,110912400.0,51,2680000,Red Pass Ridge Restoration,RR,268,-0.022795647382736206,-0.016836291009729557,3858903.9625011133,3858903.9625011133,,,,
2420000,7,Pontchartrain,1,-115840.38461538461,-6023700.0,1,2420000,Manchac Landbridge Diversion,DI,242,-0.07038072014556211,-0.06578115746378899,250964844.94014978,250964844.94014978,,,,
3220000,7,Pontchartrain,1,14868415.384615384,773157600.0,52,3220000,Freshwater Delivery to Western Barataria,DI,322,-0.024576213955879212,-0.004686335609717803,,,,,,
3470000,7,Chenier Plain,1,28665934.615384616,5962514400.0,141,3470000,Mermentau Basin Hydrologic Restoration,HR,347,-0.0007530558895278762,0.004032485228217109,163361672.7364386,163361672.7364386,,,,
3260100,8,Barataria,1,32629586.53846154,1696738500.0,29,3260100,Mid-Barataria Landbridge - West,LB,326b,-0.025277554988861084,-0.0013537709911664328,,,,15476400.0,,1
3350100,7,Terrebonne,1,-407267.3076923077,-21177900.0,30,3350100,Eastern Terrebonne Landbridge - West,LB,335b,0.002016887068748474,-0.0004737389087677002,328647869.43404734,328647869.43404734,,9971100.0,,1
3140000,7,Pontchartrain,1,4368124.038461538,908569800.0,193,3140000,Belle Pass Island Marsh Creation,MC,314,0.000383107281393475,0.0,145778284.83212274,145778284.83212274,,8418600.0,,1
3430000,8,Central Coast,1,-7525955.769230769,-391349700.0,13,3430000,Southwest Pass Tidal Prism Control and Acadiana Bay Hydrologic Restoration,IP,343,0.008083305188587733,0.00008115401634803184,1027735160.3142837,1027735160.3142837,,7096500.0,,1
3100000,7,Pontchartrain,2,4665475.182481752,639170100.0,104,3100000,Three Mile Pass Marsh Creation and Hydrologic Restoration,IP,310,-0.047183519372573264,0.025987560072770484,614519628.6269588,614519628.6269588,,42611400.0,,2
370400,7,Pontchartrain,2,17701104.807692308,1840914900.0,96,370400,New Orleans East Marsh Creation,MC,037e,-0.02915615301865798,-0.03399833406393345,549624508.6716685,549624508.6716685,,124329600.0,,1
2940000,7,Chenier Plain,2,25776927.272727273,850638600.0,32,2940000,Freshwater Bayou South Marsh Creation,MC,294,,,,,,27902700.0,,1
1390000,7,Central Coast,1,17832807.692307692,927306000.0,52,1390000,Increase Atchafalaya Flow to Terrebonne,DI,139a,-0.017172944087248582,0.03878206186569654,593427172.9313805,593427172.9313805,,,,
3150000,8,Pontchartrain,1,-15452290.384615384,-803519100.0,15,3150000,North and East Lake Lery Marsh Creation,MC,315,0.0019313071388751268,0.0,,,,45602550.0,,2
900100,8,Barataria,2,21160687.5,677142000.0,21,900100,Large-Scale Barataria Marsh Creation,MC,090b,,,,,,59061600.0,,1
2290000,7,Chenier Plain,2,-31639472.727272727,-1044102600.0,0,2290000,Kelso Bayou Marsh Creation,MC,229,,,,,,1247400.0,,1
3350200,8,Terrebonne,2,134647031.25,4308705000.0,32,3350200,Eastern Terrebonne Landbridge - Central,LB,335c,,,,,,16935300.0,,1
390000,8,Pontchartrain,1,4920767.307692308,255879900.0,52,390000,Lake Borgne Marsh Creation,MC,039,-0.041348950730429754,-0.1078418605029583,267880630.24673778,267880630.24673778,,25450200.0,,1
3420000,7,Terrebonne,1,61373397.115384616,12765666600.0,183,3420000,Western Terrebonne Hydrologic Restoration,HR,342,0.00017279228088499485,0.0,18592127.87682648,18592127.87682648,,,,
2970000,8,Chenier Plain,2,-92657671.875,-2965045500.0,3,2970000,Calcasieu Lake West Bank Marsh Creation,MC,297,,,,,,39749400.0,,1
3070000,8,Pontchartrain,2,-22288134.375,-713220300.0,14,3070000,South Breton Landbridge Marsh Creation,LB,307a,,,,,,43754400.0,,1
2450000,8,Pontchartrain,1,-33179330.769230768,-1725325200.0,0,2450000,LaBranche Hydrologic Restoration,HR,245,-0.009996646642684936,-0.0014664025770293342,122456533.32283677,122456533.32283677,,,,
3150000,8,Pontchartrain,2,45020832.35294118,6122833200.0,111,3150000,North and East Lake Lery Marsh Creation,MC,315,0.0006932408477251346,0.0,1223370008.8036044,1223370008.8036044,,37336050.0,,2
2280000,8,Chenier Plain,1,3919547.596153846,815265900.0,141,2280000,Calcasieu Ship Channel Marsh Creation,MC,228,-0.000040368131689123206,-0.000116207288297195,114229872.16052309,114229872.16052309,,11279700.0,,1
3250000,7,Barataria,1,14496715.384615384,753829200.0,31,3250000,Lower Barataria Landbridge,LB,325a,-0.021778687834739685,0.0008426114916801452,1610778835.683511,1610778835.683511,,42304500.0,,1
3350100,8,Terrebonne,2,129206362.5,4134603600.0,32,3350100,Eastern Terrebonne Landbridge - West,LB,335b,,,,,,9971100.0,,1
140000,7,Pontchartrain,1,-21734117.307692308,-1130174100.0,10,140000,Central Wetlands Diversion,DI,014a,-0.0033106058835983276,0.011452042394214206,,,,,,
3320000,8,Barataria,1,1160169.2307692308,60328800.0,52,3320000,Caminada Headlands Ridge Restoration,RR,332,-0.003848397731781006,-0.022008104870716732,11306424.692313924,11306424.692313924,,,,
60000,8,Pontchartrain,2,-27495871.875,-879867900.0,11,60000,Lower Breton Diversion,DI,006,,,,,,,,
540000,8,Pontchartrain,1,-34573707.692307696,-1797832800.0,0,540000,Bayou LaLoutre Ridge Restoration,RR,054,-0.014155683772904533,0.033380455982226595,,,,,,
3090000,8,Pontchartrain,2,25469212.5,815014800.0,22,3090000,Western Biloxi Marsh Complex,IP,309,,,,,,34437600.0,,1
3430000,8,Chenier Plain,1,-73591719.23076923,-3826769400.0,0,3430000,Southwest Pass Tidal Prism Control and Acadiana Bay Hydrologic Restoration,IP,343,-0.0018793387072426932,0.001054672094491812,1027735160.3142837,1027735160.3142837,,15085800.0,,1
140000,7,Pontchartrain,2,25334618.97810219,3470842800.0,104,140000,Central Wetlands Diversion,DI,014a,-0.011724728804368239,0.0020636100895129717,343704458.90261245,343704458.90261245,,96302700.0,,1
3510000,8,Chenier Plain,1,-59087890.384615384,-3072570300.0,0,3510000,White Lake Wetlands Conservation Area Restoration Plan,IP,351,-0.0016169713603125678,0.006641309708356857,566828207.0723834,566828207.0723834,,19395000.0,,1
2540000,7,Pontchartrain,2,-7426472.7272727275,-245073600.0,0,2540000,Guste Island Marsh Creation,MC,254,,,,,,2772900.0,,1
3230000,7,Terrebonne,1,-1167715.3846153845,-60721200.0,8,3230000,Edgard Diversion,DI,323,-0.0010595646771517668,0.012944621535447927,783656345.1616607,783656345.1616607,,,,
3230000,7,Terrebonne,2,47735072.72727273,1575257400.0,32,3230000,Edgard Diversion,DI,323,,,,,,,,
2840000,8,Barataria,1,-9986071.153846154,-519275700.0,0,2840000,Grand Bayou Hydrologic Restoration,HR,284,-0.006641445888413323,0.04388072114923726,5378643.89268708,5378643.89268708,,,,
2670000,7,Barataria,2,7012767.153284672,960749100.0,90,2670000,North Barataria Bay Marsh Creation,MC,267,-0.007675102123847375,-0.0019620930274518635,306992089.41790813,306992089.41790813,,11530800.0,,1
130100,7,Pontchartrain,1,-51890971.15384615,-2698330500.0,3,130100,Upper Breton Diversion,DI,013b,-0.0018840676546096802,0.010193974795666609,1604989123.0088856,1604989123.0088856,,,,
3270000,7,Pontchartrain,2,-58434715.384615384,-3038605200.0,0,3270000,Lower Plaquemines River Sediment Plan,IP,327,0.0045967915405829745,0.0,,,,,,
1130000,8,Terrebonne,1,58655574.51923077,12200359500.0,161,1130000,Central Terrebonne Hydrologic Restoration,HR,113,-0.00015542392843756182,0.0,18587022.59477373,18587022.59477373,,,,
2860300,8,Terrebonne,2,84826766.91176471,11536440300.0,132,2860300,North Lake Mechant Marsh Creation - West,MC,286d,-0.00030109988382229436,0.0,306986564.5367367,306986564.5367367,,16077600.0,,1
2840000,7,Barataria,1,-8753192.307692308,-455166000.0,0,2840000,Grand Bayou Hydrologic Restoration,HR,284,-0.0036520659923553467,0.03904446493834257,5378643.8926870795,5378643.8926870795,,,,
2960000,8,Chenier Plain,1,-64778348.07692308,-3368474100.0,0,2960000,Little Chenier Marsh Creation,MC,296,-0.00267897367477417,0.010097649693489075,,,,3549600.0,,1
2950000,8,Chenier Plain,1,-57106782.692307696,-2969552700.0,0,2950000,White Lake Marsh Creation,MC,295,0.0010746229778636587,0.0013548703420729865,805234895.4376842,805234895.4376842,,43020000.0,,1
3620000,8,Barataria,1,25275409.615384616,1314321300.0,46,3620000,Atchafalaya Diversions,DI,362,-0.00427773824104896,-0.0002845227001951291,794345543.0258552,794345543.0258552,,,,
3480000,7,Chenier Plain,2,-96065127.27272727,-3170149200.0,0,3480000,Calcasieu/Sabine Basin Hydrologic Restoration,HR,348,,,,,,,,
3350400,7,Terrebonne,2,118990767.15328467,16301735100.0,128,3350400,Eastern Terrebonne Landbridge - West and Central,LB,335e,-0.01269241995536364,-0.0018179804946367557,984006880.3071364,984006880.3071364,,26906400.0,,1
130100,8,Barataria,1,8435267.307692308,438633900.0,22,130100,Upper Breton Diversion,DI,013b,-0.028856115496676903,-0.0042022040912083215,1604989123.0088859,1604989123.0088859,,,,
3320000,7,Barataria,1,1246811.5384615385,64834200.0,52,3320000,Caminada Headlands Ridge Restoration,RR,332,-0.00541353702545166,-0.015916212608939724,11306424.692313924,11306424.692313924,,,,
1270000,8,Terrebonne,1,57811642.788461536,12024821700.0,155,1270000,Bayou Decade Ridge Restoration,RR,127,-0.00014665195276971496,0.0,9742035.065746263,9742035.065746263,,,,
2130000,7,Chenier Plain,1,16783005.28846154,3490865100.0,144,2130000,West Rainey Marsh Creation,MC,213,0.00003071312318768418,0.0002263318956568,517895090.2844453,517895090.2844453,,,,
3040000,7,Pontchartrain,1,-107186.53846153847,-5573700.0,3,3040000,LaBranche Diversion,DI,304,-0.06357106119394303,-0.05761305242776871,191903931.71706218,191903931.71706218,,,,
3460000,8,Central Coast,1,36797607.692307696,7653902400.0,193,3460000,Marsh Island Barrier Marsh Creation,MC,346,0.002644010407980098,-0.00009787248713629586,1023934422.2714818,1023934422.2714818,,60986700.0,,1
2970000,8,Chenier Plain,1,-45644728.84615385,-2373525900.0,4,2970000,Calcasieu Lake West Bank Marsh Creation,MC,297,0.0019997179508209227,-0.0019992243212002972,274528677.2631523,274528677.2631523,,40010400.0,,1
2860000,7,Terrebonne,1,18481275.0,961026300.0,48,2860000,North Lake Mechant Marsh Creation,MC,286a,0.0009427099404009906,0.0,1082287155.2682152,1082287155.2682152,,36056700.0,,1
2510000,7,Pontchartrain,1,-40835734.615384616,-2123458200.0,0,2510000,Spanish Lake Marsh Creation,MC,251,0.0010258330860071713,0.0,,,,899100.0,,1
3080000,7,Pontchartrain,1,83059.61538461539,4319100.0,50,3080000,Lake Pontchartrain Marsh Protection Shoreline Protection,IP,308,-0.05707952231168747,-0.05450074957764667,241481233.5248385,241481233.5248385,,1986300.0,,1
3270000,8,Pontchartrain,1,-12687178.846153846,-659733300.0,22,3270000,Lower Plaquemines River Sediment Plan,IP,327,0.003267374262213707,0.0,4553760438.545253,4553760438.545253,,,,
3260000,7,Barataria,2,42861136.36363637,1414417500.0,32,3260000,Mid-Barataria Landbridge,LB,326a,,,,,,41519700.0,,1
2520000,7,Pontchartrain,2,-2536909.090909091,-83718000.0,10,2520000,St. Tammany Marsh Creation,MC,252,,,,,,50354100.0,,1
2880000,7,Chenier Plain,1,-9131071.153846154,-474815700.0,0,2880000,Vermilion Bay Marsh Creation,MC,288,-0.0031613674428727892,0.017900466918945312,217266215.40555912,217266215.40555912,,,,
2840000,8,Terrebonne,1,-121655.76923076923,-6326100.0,30,2840000,Grand Bayou Hydrologic Restoration,HR,284,-0.003773596551683214,0.02676281494938809,5378643.89268708,5378643.89268708,,,,
3260000,7,Barataria,1,3395336.5384615385,176557500.0,25,3260000,Mid-Barataria Landbridge,LB,326a,-0.019536861601997826,0.003959607170975726,1402593945.1443872,1402593945.1443872,,41519700.0,,1
3070200,7,Pontchartrain,2,-104605745.45454545,-3451989600.0,0,3070200,South Breton Landbridge Marsh Creation - Central,LB,307c,,,,,,9967500.0,,1
1390100,8,Central Coast,1,10301971.153846154,535702500.0,52,1390100,Increase Atchafalaya Flow to Terrebonne - Alternate Regime,DI,139b,,,593427172.9313805,593427172.9313805,,,,
380100,8,Pontchartrain,2,-1762171.875,-56389500.0,15,380100,Breton Marsh Creation,MC,038b,,,,,,42049800.0,,1
3040000,8,Pontchartrain,1,-187130.76923076922,-9730800.0,1,3040000,LaBranche Diversion,DI,304,-0.06664409532266505,-0.04420654168900322,191903931.71706218,191903931.71706218,,,,
2980200,7,Chenier Plain,1,10901319.23076923,2267474400.0,144,2980200,West Brown Lake Marsh Creation - South,MC,298c,-0.0013625005657753248,-0.0002956489721934001,286982736.25174266,286982736.25174266,,46785600.0,,1
2480100,7,Pontchartrain,2,-58527054.54545455,-1931392800.0,0,2480100,Pointe a la Hache and Carlisle Marsh Creation,MC,248b,,,354762511.5271888,354762511.5271888,,21170700.0,,1
3380000,7,Terrebonne,1,6218550.0,323364600.0,47,3380000,Eastern Terrebonne Fringing Marsh,MC,338,0.0026944812975431744,-0.00411432096734643,312024032.53966,312024032.53966,,12811500.0,,1
3070200,8,Pontchartrain,2,-38026378.125,-1216844100.0,8,3070200,South Breton Landbridge Marsh Creation - Central,LB,307c,,,,,,9967500.0,,1
3170000,8,Pontchartrain,1,-35404580.76923077,-1841038200.0,0,3170000,Five East Bank Ridge Restoration,RR,317,0.0033015027069128477,0.0,74547673.76576659,74547673.76576659,,,,
3080000,7,Pontchartrain,2,-9110700.0,-300653100.0,0,3080000,Lake Pontchartrain Marsh Protection Shoreline Protection,IP,308,,,,,,1986300.0,,1
1390000,7,Terrebonne,1,6021917.307692308,313139700.0,39,1390000,Increase Atchafalaya Flow to Terrebonne,DI,139a,-0.01331801454608257,0.01299415471462103,593427172.9313805,593427172.9313805,,,,
3070100,8,Pontchartrain,1,-34706215.384615384,-1804723200.0,0,3070100,South Breton Landbridge Marsh Creation - West,LB,307b,-0.0023176794250806174,0.03002997739240527,381128565.6048001,381128565.6048001,,16361100.0,,1
2980100,7,Chenier Plain,2,-2692136.4963503648,-368822700.0,96,2980100,West Brown Lake Marsh Creation - North,MC,298b,-0.0010394041354839618,0.00006903192171683678,350439843.64775336,350439843.64775336,,28394100.0,,1
2850000,8,Terrebonne,1,23214132.692307692,1207134900.0,34,2850000,South Terrebonne Marsh Creation,MC,285,0.00014032050967216492,0.0,1863046809.477632,1863046809.477632,,75838500.0,,1
540000,7,Pontchartrain,2,-2161408.2352941176,-183719700.0,52,540000,Bayou LaLoutre Ridge Restoration,RR,054,-0.022009071249228258,0.01215513007572064,31392619.147801265,31392619.147801265,,,,
2710000,8,Barataria,1,11695967.307692308,608190300.0,25,2710000,Grand Bayou Ridge Restoration,RR,271,-0.07510808296501637,0.003590195750196775,10127130.21061021,10127130.21061021,,,,
3220000,7,Barataria,1,-6523650.0,-339229800.0,13,3220000,Freshwater Delivery to Western Barataria,DI,322,-0.02019406755765279,0.003932520069859244,,,,,,
3350200,7,Terrebonne,1,5429232.692307692,282320100.0,44,3350200,Eastern Terrebonne Landbridge - Central,LB,335c,0.0009352624416351319,0.0017358805052936077,631032888.0453092,631032888.0453092,,16935300.0,,1
3070000,8,Pontchartrain,1,-36120513.461538464,-1878266700.0,1,3070000,South Breton Landbridge Marsh Creation,LB,307a,-0.004075909202749079,0.017080425643003903,1349318343.4405248,1349318343.4405248,,43754400.0,,1
2940000,8,Central Coast,1,668682.6923076923,34771500.0,42,2940000,Freshwater Bayou South Marsh Creation,MC,294,0.007821118130403407,0.00007398601840524112,253158605.29840162,253158605.29840162,,,,
2960000,7,Chenier Plain,2,18020864.423076924,1874169900.0,92,2960000,Little Chenier Marsh Creation,MC,296,-0.0019848587421270516,0.01125587522983551,61105916.157930225,61105916.157930225,,2236500.0,,1
3280000,7,Barataria,2,-41486945.45454545,-1369069200.0,0,3280000,Bayou Barataria Ridge and Marsh Creation,IP,328,,,,,,35640900.0,,1
1250000,7,Terrebonne,1,45795630.288461536,9525491100.0,184,1250000,North Terrebonne Bay Marsh Creation,MC,125,-0.018801794059014734,0.0009052501991391182,306795879.34045726,306795879.34045726,,16021800.0,,1
2100000,7,Chenier Plain,1,9377286.057692308,1950475500.0,144,2100000,Mud Lake Marsh Creation,MC,210,-0.0014213343912904913,-0.000481192959087521,361135474.65502715,361135474.65502715,,31529700.0,,1
2480000,7,Pontchartrain,1,-21746751.923076924,-1130831100.0,8,2480000,Pointe a la Hache and Carlisle Marsh Creation,MC,248a,0.0011016654648951121,0.0,1741957213.9816647,1741957213.9816647,,88148700.0,,1
2160000,8,Chenier Plain,2,11432951.470588235,1554881400.0,101,2160000,Southeast Calcasieu Lake Marsh Creation,MC,216,-0.00048717627158531774,-0.00016485885358773745,441896910.6291591,441896910.6291591,,36240300.0,,1
3250000,8,Barataria,2,101287884.375,3241212300.0,32,3250000,Lower Barataria Landbridge,LB,325a,,,,,,42304500.0,,1
2700000,8,Barataria,1,778673.0769230769,40491000.0,34,2700000,Bayou Eau Noire Ridge Restoration,RR,270,-0.021318849176168442,-0.010758660733699799,15235213.121284131,15235213.121284131,,,,
3220000,8,Pontchartrain,1,3983607.6923076925,207147600.0,49,3220000,Freshwater Delivery to Western Barataria,DI,322,-0.023965434116475722,-0.015627026557922363,,,,,,
1080000,7,Central Coast,1,37286111.538461536,5816633400.0,146,1080000,Atchafalaya River Diversion,DI,108,-0.010115117955028563,0.054785392391003246,794345543.0258552,794345543.0258552,,,,
3430000,7,Chenier Plain,1,-11525192.307692308,-599310000.0,0,3430000,Southwest Pass Tidal Prism Control and Acadiana Bay Hydrologic Restoration,IP,343,-0.0019356039437380705,0.005176228972581716,1014989617.045904,1014989617.045904,,15090300.0,,1
2930200,8,Central Coast,1,31324149.519230768,6515423100.0,179,2930200,Freshwater Bayou North Marsh Creation,MC,293c,0.002613157033920288,-0.00009197470816698942,208387668.38637453,208387668.38637453,,,,
3070300,7,Pontchartrain,2,-103785845.45454545,-3424932900.0,0,3070300,South Breton Landbridge Marsh Creation - East,LB,307d,,,,,,17425800.0,,1
2510000,8,Pontchartrain,1,-36202101.92307692,-1882509300.0,0,2510000,Spanish Lake Marsh Creation,MC,251,0.0019341170554980636,0.0,,,,891000.0,,1
1570000,8,Central Coast,1,14940501.923076924,776906100.0,51,1570000,East Rainey Marsh Creation,MC,157a,0.005729711055755616,0.00006976630538702011,799634846.4969405,799634846.4969405,,78055200.0,,1
3120000,7,Pontchartrain,1,5616605.769230769,292063500.0,35,3120000,Manchac Wetland Restoration and Maurepas Landbridge,IP,312,-0.06976772757137523,-0.0741200673704346,1754146701.565109,1754146701.565109,,96630300.0,,1
2930100,7,Central Coast,2,28779300.0,949716900.0,32,2930100,Freshwater Bayou North Marsh Creation,MC,293b,,,322903706.9299798,322903706.9299798,,,,
3270000,8,Barataria,1,17021526.923076924,885119400.0,33,3270000,Lower Plaquemines River Sediment Plan,IP,327,-0.06205682873725891,-0.0018491578166899474,4553760438.545253,4553760438.545253,,115322400.0,,1
380100,8,Pontchartrain,1,-18188255.769230768,-945789300.0,13,380100,Breton Marsh Creation,MC,038b,0.0019896106892510466,0.0,1491156410.2748156,1491156410.2748156,,48053700.0,,1
3270000,7,Pontchartrain,1,-17784086.53846154,-924772500.0,18,3270000,Lower Plaquemines River Sediment Plan,IP,327,0.0020590850080435094,0.0,4240345277.6298666,4240345277.6298666,,,,
3220000,8,Barataria,2,114841012.5,15618377700.0,119,3220000,Freshwater Delivery to Western Barataria,DI,322,-0.004518433832205259,-0.0020763962887800657,148606352.88436753,148606352.88436753,,,,
2450000,8,Pontchartrain,2,-37578234.375,-1202503500.0,12,2450000,LaBranche Hydrologic Restoration,HR,245,,,,,,,,
3240000,7,Barataria,2,-53441645.45454545,-1763574300.0,0,3240000,Upper Barataria Hydrologic Restoration,HR,324,,,,,,,,
2930000,8,Central Coast,1,283898.07692307694,14762700.0,38,2930000,Freshwater Bayou North Marsh Creation,MC,293a,0.006657592952251434,0.00009543485939502716,524124932.08022785,524124932.08022785,,,,
